{
  "type": "FeatureCollection",
  "name": "Постоянные опасные зоны воздушного пространства Российской Федерации",
  "metadata": {
    "coverage_tile_count": 194,
    "tile_feature_count": 32,
    "tile_unique_id_count": 32,
    "detail_record_count": 32,
    "fpln_zone_source_updated_at": "2026-09-16T09:05:10.939Z",
    "fpln_zone_source_total": 5543,
    "generated_at": "2026-09-16T09:41:38+00:00",
    "official_order_zone_count": 62,
    "matched_feature_count": 62,
    "matched_unique_zone_count": 62,
    "fpln_matched_feature_count": 5,
    "official_derived_geometry_count": 57,
    "official_codes_without_geometry": [],
    "duplicate_zone_codes_in_features": [],
    "official_codes_missing_in_current_fpln_tile_response": [
      "UHD403",
      "UHD407",
      "UHD408",
      "UHD409",
      "UHD412",
      "UHD415",
      "UHD416",
      "UHD418",
      "UHD419",
      "UHD420",
      "ULD10",
      "ULD13",
      "ULD14",
      "ULD15",
      "ULD16",
      "ULD17",
      "ULD18",
      "ULD19",
      "ULD2",
      "ULD21",
      "ULD22",
      "ULD23",
      "ULD24",
      "ULD25",
      "ULD26",
      "ULD29",
      "ULD3",
      "ULD30",
      "ULD31",
      "ULD32",
      "ULD33",
      "ULD4",
      "URD113",
      "URD114",
      "URD115",
      "URD116",
      "URD117",
      "URD120",
      "URD121",
      "URD122",
      "URD123",
      "URD127",
      "URD132",
      "URD133",
      "URD134",
      "URD139",
      "URD140",
      "URD141",
      "URD142",
      "URD143",
      "URD145",
      "URD146",
      "URD147",
      "URD149",
      "URD150",
      "URD151",
      "URD153"
    ],
    "fpln_codes_not_in_official_order": [
      "UAD10",
      "UAD11",
      "UAD12",
      "UAD13",
      "UAD14",
      "UAD15",
      "UAD16",
      "UAD17",
      "UAD18",
      "UAD19",
      "UAD20",
      "UAD21",
      "UAD22",
      "UAD23",
      "UAD24",
      "UAD25",
      "UAD26",
      "UAD27",
      "UAD28",
      "UAD29",
      "UAD30",
      "UAD31",
      "UAD41",
      "UAD6",
      "UAD7",
      "UAD8",
      "UAD9"
    ],
    "geometry_source_notice": "The current fpln.ru danger-area tile response exposes only currently returned map objects. Missing permanent danger areas were constructed from Mintrans Order No. 171. ULD32 and ULD33 contain approximated state-border segments. Operational use requires aeronautical verification and current NOTAM checks."
  },
  "features": [
    {
      "type": "Feature",
      "id": "order:UHD403",
      "geometry": {
        "type": "Polygon",
        "coordinates": [
          [
            [
              157.83333333,
              58.88333333
            ],
            [
              162.25,
              58.6
            ],
            [
              163.01666667,
              56.76666667
            ],
            [
              160.8,
              56.13333333
            ],
            [
              157.83333333,
              58.88333333
            ]
          ]
        ]
      },
      "properties": {
        "zone_code": "UHD403",
        "zone_type": "danger",
        "order_row": "60.",
        "atm_zone_section": "VI. Магаданская зона Единой системы организации воздушного движения",
        "official_horizontal_definition": "585300с 1575000в, 583600с 1621500в, 564600с 1630100в, 560800с 1604800в, 585300с 1575000в",
        "official_vertical_definition": "На всех высотах",
        "official_operating_schedule": "Доводится посредством извещения NOTAM",
        "official_conditions_and_exceptions": null,
        "official_amendment_notes": null,
        "official_source": "Приказ Минтранса России от 11.05.2022 N 171",
        "official_document_date": "2022-05-11",
        "fpln_retrieved_at": "2026-09-16T09:41:38+00:00",
        "geometry_source": "official_order_derived",
        "geometry_accuracy": "official_coordinates",
        "geometry_note": null,
        "fpln_id": null,
        "fpln_source": null,
        "fpln_checksum": null,
        "active_at_retrieval": null,
        "fpln_schedule_text": null,
        "fpln_altitude_text": null
      }
    },
    {
      "type": "Feature",
      "id": "E8D4F907BB",
      "geometry": {
        "type": "Polygon",
        "coordinates": [
          [
            [
              132.33333,
              42.33333
            ],
            [
              132.38542,
              42.33351
            ],
            [
              132.4375,
              42.33366
            ],
            [
              132.48958,
              42.33379
            ],
            [
              132.54167,
              42.3339
            ],
            [
              132.59375,
              42.33398
            ],
            [
              132.64583,
              42.33404
            ],
            [
              132.69792,
              42.33408
            ],
            [
              132.75,
              42.33409
            ],
            [
              132.80208,
              42.33408
            ],
            [
              132.85417,
              42.33404
            ],
            [
              132.90625,
              42.33398
            ],
            [
              132.95833,
              42.3339
            ],
            [
              133.01042,
              42.33379
            ],
            [
              133.0625,
              42.33366
            ],
            [
              133.11458,
              42.33351
            ],
            [
              133.16667,
              42.33333
            ],
            [
              133.16667,
              42.29167
            ],
            [
              133.16667,
              42.25
            ],
            [
              133.16667,
              42.20833
            ],
            [
              133.16667,
              42.16667
            ],
            [
              133.16667,
              42.125
            ],
            [
              133.16667,
              42.08333
            ],
            [
              133.16667,
              42.04167
            ],
            [
              133.16667,
              42
            ],
            [
              133.11458,
              42.00018
            ],
            [
              133.0625,
              42.00033
            ],
            [
              133.01042,
              42.00046
            ],
            [
              132.95833,
              42.00057
            ],
            [
              132.90625,
              42.00065
            ],
            [
              132.85417,
              42.00071
            ],
            [
              132.80208,
              42.00074
            ],
            [
              132.75,
              42.00075
            ],
            [
              132.69792,
              42.00074
            ],
            [
              132.64583,
              42.00071
            ],
            [
              132.59375,
              42.00065
            ],
            [
              132.54167,
              42.00057
            ],
            [
              132.48958,
              42.00046
            ],
            [
              132.4375,
              42.00033
            ],
            [
              132.38542,
              42.00018
            ],
            [
              132.33333,
              42
            ],
            [
              132.33333,
              42.04167
            ],
            [
              132.33333,
              42.08333
            ],
            [
              132.33333,
              42.125
            ],
            [
              132.33333,
              42.16667
            ],
            [
              132.33333,
              42.20833
            ],
            [
              132.33333,
              42.25
            ],
            [
              132.33333,
              42.29167
            ],
            [
              132.33333,
              42.33333
            ]
          ]
        ]
      },
      "properties": {
        "zone_code": "UHD405",
        "zone_type": "danger",
        "order_row": "48.",
        "atm_zone_section": "V. Хабаровская зона Единой системы организации воздушного движения",
        "official_horizontal_definition": "422000с 1322000в, 422000с 1331000в, 420000с 1331000в, 420000с 1322000в, 422000с 1322000в",
        "official_vertical_definition": "От уровня моря до FL400",
        "official_operating_schedule": "Доводится посредством извещения NOTAM",
        "official_conditions_and_exceptions": null,
        "official_amendment_notes": null,
        "official_source": "Приказ Минтранса России от 11.05.2022 N 171",
        "official_document_date": "2022-05-11",
        "fpln_retrieved_at": "2026-09-16T09:41:38+00:00",
        "geometry_source": "fpln_public_map_response",
        "geometry_accuracy": "fpln_map_geometry",
        "geometry_note": null,
        "fpln_id": "E8D4F907BB",
        "fpln_source": "ZONE_SPPI",
        "fpln_checksum": 427048,
        "active_at_retrieval": true,
        "fpln_schedule_text": "2026-09-09 00:00:00 - 2026-10-01 23:59:00",
        "fpln_altitude_text": "GND - FL400"
      }
    },
    {
      "type": "Feature",
      "id": "E8D4F7CDEB",
      "geometry": {
        "type": "Polygon",
        "coordinates": [
          [
            [
              159.50833,
              52.39167
            ],
            [
              159.53191,
              52.37399
            ],
            [
              159.55547,
              52.35632
            ],
            [
              159.57901,
              52.33863
            ],
            [
              159.60253,
              52.32094
            ],
            [
              159.62604,
              52.30325
            ],
            [
              159.64952,
              52.28556
            ],
            [
              159.67299,
              52.26785
            ],
            [
              159.69643,
              52.25015
            ],
            [
              159.71986,
              52.23244
            ],
            [
              159.74327,
              52.21472
            ],
            [
              159.76666,
              52.197
            ],
            [
              159.79003,
              52.17928
            ],
            [
              159.81338,
              52.16155
            ],
            [
              159.83672,
              52.14381
            ],
            [
              159.86004,
              52.12608
            ],
            [
              159.88333,
              52.10833
            ],
            [
              159.84094,
              52.09386
            ],
            [
              159.79857,
              52.07938
            ],
            [
              159.75623,
              52.06488
            ],
            [
              159.71392,
              52.05036
            ],
            [
              159.67164,
              52.03583
            ],
            [
              159.62938,
              52.02129
            ],
            [
              159.58716,
              52.00672
            ],
            [
              159.54495,
              51.99215
            ],
            [
              159.50278,
              51.97756
            ],
            [
              159.46063,
              51.96295
            ],
            [
              159.41852,
              51.94833
            ],
            [
              159.37642,
              51.93369
            ],
            [
              159.33436,
              51.91904
            ],
            [
              159.29232,
              51.90438
            ],
            [
              159.25031,
              51.8897
            ],
            [
              159.20833,
              51.875
            ],
            [
              159.19592,
              51.89636
            ],
            [
              159.1835,
              51.91773
            ],
            [
              159.17107,
              51.93909
            ],
            [
              159.15862,
              51.96045
            ],
            [
              159.14616,
              51.98181
            ],
            [
              159.13369,
              52.00316
            ],
            [
              159.12121,
              52.02452
            ],
            [
              159.10872,
              52.04588
            ],
            [
              159.09621,
              52.06723
            ],
            [
              159.08369,
              52.08858
            ],
            [
              159.07116,
              52.10993
            ],
            [
              159.05862,
              52.13128
            ],
            [
              159.04607,
              52.15263
            ],
            [
              159.0335,
              52.17398
            ],
            [
              159.02092,
              52.19532
            ],
            [
              159.00833,
              52.21667
            ],
            [
              159.07062,
              52.23866
            ],
            [
              159.13296,
              52.26061
            ],
            [
              159.19537,
              52.28254
            ],
            [
              159.25784,
              52.30443
            ],
            [
              159.32037,
              52.32629
            ],
            [
              159.38296,
              52.34811
            ],
            [
              159.44562,
              52.36991
            ],
            [
              159.50833,
              52.39167
            ]
          ]
        ]
      },
      "properties": {
        "zone_code": "UHD406",
        "zone_type": "danger",
        "order_row": "61.",
        "atm_zone_section": "VI. Магаданская зона Единой системы организации воздушного движения",
        "official_horizontal_definition": "522330с 1593030в, 520630с 1595300в, 515230с 1591230в, 521300с 1590030в, 522330с 1593030в",
        "official_vertical_definition": "От уровня моря до FL160",
        "official_operating_schedule": "Доводится посредством извещения NOTAM",
        "official_conditions_and_exceptions": null,
        "official_amendment_notes": null,
        "official_source": "Приказ Минтранса России от 11.05.2022 N 171",
        "official_document_date": "2022-05-11",
        "fpln_retrieved_at": "2026-09-16T09:41:38+00:00",
        "geometry_source": "fpln_public_map_response",
        "geometry_accuracy": "fpln_map_geometry",
        "geometry_note": null,
        "fpln_id": "E8D4F7CDEB",
        "fpln_source": "ZONE_SPPI",
        "fpln_checksum": 1538781795,
        "active_at_retrieval": true,
        "fpln_schedule_text": "2026-08-23 12:00:00 - 2026-09-30 23:59:00",
        "fpln_altitude_text": "GND - FL160"
      }
    },
    {
      "type": "Feature",
      "id": "order:UHD407",
      "geometry": {
        "type": "Polygon",
        "coordinates": [
          [
            [
              135.66666667,
              44.03333333
            ],
            [
              136.0,
              44.03333333
            ],
            [
              136.0,
              43.66666667
            ],
            [
              135.5,
              43.75
            ],
            [
              135.66666667,
              44.03333333
            ]
          ]
        ]
      },
      "properties": {
        "zone_code": "UHD407",
        "zone_type": "danger",
        "order_row": "49.",
        "atm_zone_section": "V. Хабаровская зона Единой системы организации воздушного движения",
        "official_horizontal_definition": "440200с 1354000в, 440200с 1360000в, 434000с 1360000в, 434500с 1353000в, 440200с 1354000в",
        "official_vertical_definition": "От 100 м (300 фут) AGL до FL170",
        "official_operating_schedule": "Доводится посредством извещения NOTAM",
        "official_conditions_and_exceptions": null,
        "official_amendment_notes": null,
        "official_source": "Приказ Минтранса России от 11.05.2022 N 171",
        "official_document_date": "2022-05-11",
        "fpln_retrieved_at": "2026-09-16T09:41:38+00:00",
        "geometry_source": "official_order_derived",
        "geometry_accuracy": "official_coordinates",
        "geometry_note": null,
        "fpln_id": null,
        "fpln_source": null,
        "fpln_checksum": null,
        "active_at_retrieval": null,
        "fpln_schedule_text": null,
        "fpln_altitude_text": null
      }
    },
    {
      "type": "Feature",
      "id": "order:UHD408",
      "geometry": {
        "type": "Polygon",
        "coordinates": [
          [
            [
              136.5,
              44.45
            ],
            [
              136.5,
              44.11666667
            ],
            [
              136.0,
              44.11666667
            ],
            [
              136.01666667,
              44.46666667
            ],
            [
              136.5,
              44.45
            ]
          ]
        ]
      },
      "properties": {
        "zone_code": "UHD408",
        "zone_type": "danger",
        "order_row": "50.",
        "atm_zone_section": "V. Хабаровская зона Единой системы организации воздушного движения",
        "official_horizontal_definition": "442700с 1363000в, 440700с 1363000в, 440700с 1360000в, 442800с 1360100в, 442700с 1363000в",
        "official_vertical_definition": "От 100 м (300 фут) AGL до FL170",
        "official_operating_schedule": "Доводится посредством извещения NOTAM",
        "official_conditions_and_exceptions": null,
        "official_amendment_notes": null,
        "official_source": "Приказ Минтранса России от 11.05.2022 N 171",
        "official_document_date": "2022-05-11",
        "fpln_retrieved_at": "2026-09-16T09:41:38+00:00",
        "geometry_source": "official_order_derived",
        "geometry_accuracy": "official_coordinates",
        "geometry_note": null,
        "fpln_id": null,
        "fpln_source": null,
        "fpln_checksum": null,
        "active_at_retrieval": null,
        "fpln_schedule_text": null,
        "fpln_altitude_text": null
      }
    },
    {
      "type": "Feature",
      "id": "order:UHD409",
      "geometry": {
        "type": "Polygon",
        "coordinates": [
          [
            [
              136.33333333,
              44.0
            ],
            [
              136.33333333,
              43.7
            ],
            [
              135.83333333,
              43.7
            ],
            [
              135.83333333,
              44.0
            ],
            [
              136.33333333,
              44.0
            ]
          ]
        ]
      },
      "properties": {
        "zone_code": "UHD409",
        "zone_type": "danger",
        "order_row": "51.",
        "atm_zone_section": "V. Хабаровская зона Единой системы организации воздушного движения",
        "official_horizontal_definition": "440000с 1362000в, 434200с 1362000в, 434200с 1355000в, 440000с 1355000в, 440000с 1362000в",
        "official_vertical_definition": "От 200 м (700 фут) AGL до FL170",
        "official_operating_schedule": "Доводится посредством извещения NOTAM",
        "official_conditions_and_exceptions": null,
        "official_amendment_notes": null,
        "official_source": "Приказ Минтранса России от 11.05.2022 N 171",
        "official_document_date": "2022-05-11",
        "fpln_retrieved_at": "2026-09-16T09:41:38+00:00",
        "geometry_source": "official_order_derived",
        "geometry_accuracy": "official_coordinates",
        "geometry_note": null,
        "fpln_id": null,
        "fpln_source": null,
        "fpln_checksum": null,
        "active_at_retrieval": null,
        "fpln_schedule_text": null,
        "fpln_altitude_text": null
      }
    },
    {
      "type": "Feature",
      "id": "E8D4F958FC",
      "geometry": {
        "type": "Polygon",
        "coordinates": [
          [
            [
              132.83333,
              42.58333
            ],
            [
              132.86045,
              42.57086
            ],
            [
              132.88757,
              42.55837
            ],
            [
              132.91466,
              42.54588
            ],
            [
              132.94175,
              42.53338
            ],
            [
              132.96883,
              42.52088
            ],
            [
              132.9959,
              42.50837
            ],
            [
              133.02295,
              42.49586
            ],
            [
              133.05,
              42.48333
            ],
            [
              133.05,
              42.46042
            ],
            [
              133.05,
              42.4375
            ],
            [
              133.05,
              42.41458
            ],
            [
              133.05,
              42.39167
            ],
            [
              133.05,
              42.36875
            ],
            [
              133.05,
              42.34583
            ],
            [
              133.05,
              42.32292
            ],
            [
              133.05,
              42.3
            ],
            [
              133.05,
              42.27708
            ],
            [
              133.05,
              42.25417
            ],
            [
              133.05,
              42.23125
            ],
            [
              133.05,
              42.20833
            ],
            [
              133.05,
              42.18542
            ],
            [
              133.05,
              42.1625
            ],
            [
              133.05,
              42.13958
            ],
            [
              133.05,
              42.11667
            ],
            [
              133.01057,
              42.13344
            ],
            [
              132.97113,
              42.15019
            ],
            [
              132.93166,
              42.16693
            ],
            [
              132.89217,
              42.18366
            ],
            [
              132.85266,
              42.20037
            ],
            [
              132.81313,
              42.21707
            ],
            [
              132.77358,
              42.23376
            ],
            [
              132.734,
              42.25044
            ],
            [
              132.69441,
              42.2671
            ],
            [
              132.65479,
              42.28374
            ],
            [
              132.61516,
              42.30037
            ],
            [
              132.5755,
              42.31699
            ],
            [
              132.53582,
              42.3336
            ],
            [
              132.49613,
              42.35019
            ],
            [
              132.45641,
              42.36677
            ],
            [
              132.41667,
              42.38333
            ],
            [
              132.44263,
              42.39588
            ],
            [
              132.4686,
              42.40842
            ],
            [
              132.49459,
              42.42095
            ],
            [
              132.52058,
              42.43347
            ],
            [
              132.54659,
              42.446
            ],
            [
              132.5726,
              42.45851
            ],
            [
              132.59863,
              42.47102
            ],
            [
              132.62467,
              42.48352
            ],
            [
              132.65071,
              42.49602
            ],
            [
              132.67677,
              42.50851
            ],
            [
              132.70284,
              42.521
            ],
            [
              132.72892,
              42.53347
            ],
            [
              132.75501,
              42.54595
            ],
            [
              132.7811,
              42.55842
            ],
            [
              132.80721,
              42.57088
            ],
            [
              132.83333,
              42.58333
            ]
          ]
        ]
      },
      "properties": {
        "zone_code": "UHD411",
        "zone_type": "danger",
        "order_row": "52.",
        "atm_zone_section": "V. Хабаровская зона Единой системы организации воздушного движения",
        "official_horizontal_definition": "423500с 1325000в, 422900с 1330300в, 420700с 1330300в, 422300с 1322500в, 423500с 1325000в",
        "official_vertical_definition": "От 100 м (300 фут) AGL до FL330",
        "official_operating_schedule": "Доводится посредством извещения NOTAM",
        "official_conditions_and_exceptions": null,
        "official_amendment_notes": null,
        "official_source": "Приказ Минтранса России от 11.05.2022 N 171",
        "official_document_date": "2022-05-11",
        "fpln_retrieved_at": "2026-09-16T09:41:38+00:00",
        "geometry_source": "fpln_public_map_response",
        "geometry_accuracy": "fpln_map_geometry",
        "geometry_note": null,
        "fpln_id": "E8D4F958FC",
        "fpln_source": "ZONE_SPPI",
        "fpln_checksum": 1335746765,
        "active_at_retrieval": true,
        "fpln_schedule_text": "2026-09-14 00:00:00 - 2026-10-01 23:59:00",
        "fpln_altitude_text": "100M AGL - FL330"
      }
    },
    {
      "type": "Feature",
      "id": "order:UHD412",
      "geometry": {
        "type": "Polygon",
        "coordinates": [
          [
            [
              151.26576547,
              48.98193741
            ],
            [
              151.25671906,
              48.96740589
            ],
            [
              151.24651848,
              48.95318204
            ],
            [
              151.23517696,
              48.93928288
            ],
            [
              151.22270904,
              48.92572501
            ],
            [
              151.20913053,
              48.91252459
            ],
            [
              151.19445857,
              48.8996973
            ],
            [
              151.17871152,
              48.88725836
            ],
            [
              151.16190899,
              48.87522249
            ],
            [
              151.14407178,
              48.86360388
            ],
            [
              151.12522188,
              48.85241622
            ],
            [
              151.10538243,
              48.84167265
            ],
            [
              151.08457768,
              48.83138574
            ],
            [
              151.06283299,
              48.82156752
            ],
            [
              151.04017478,
              48.81222942
            ],
            [
              151.01663049,
              48.80338228
            ],
            [
              150.99222856,
              48.79503635
            ],
            [
              150.96699839,
              48.78720125
            ],
            [
              150.94097033,
              48.77988601
            ],
            [
              150.91417561,
              48.77309898
            ],
            [
              150.88664631,
              48.76684793
            ],
            [
              150.85841535,
              48.76113996
            ],
            [
              150.82951644,
              48.7559815
            ],
            [
              150.79998401,
              48.75137836
            ],
            [
              150.76985324,
              48.74733566
            ],
            [
              150.73915994,
              48.74385788
            ],
            [
              150.70794059,
              48.74094882
            ],
            [
              150.67623222,
              48.73861161
            ],
            [
              150.64407246,
              48.73684871
            ],
            [
              150.61149942,
              48.7356619
            ],
            [
              150.57855167,
              48.73505229
            ],
            [
              150.54526823,
              48.73502033
            ],
            [
              150.5116885,
              48.73556578
            ],
            [
              150.47785221,
              48.73668773
            ],
            [
              150.4437994,
              48.73838461
            ],
            [
              150.40957036,
              48.74065417
            ],
            [
              150.37520559,
              48.74349352
            ],
            [
              150.34074578,
              48.7468991
            ],
            [
              150.30623172,
              48.75086668
            ],
            [
              150.27170429,
              48.75539141
            ],
            [
              150.23720441,
              48.76046778
            ],
            [
              150.20277298,
              48.76608965
            ],
            [
              150.16845085,
              48.77225026
            ],
            [
              150.13427879,
              48.77894222
            ],
            [
              150.1002974,
              48.78615752
            ],
            [
              150.06654712,
              48.79388758
            ],
            [
              150.03306815,
              48.80212319
            ],
            [
              149.99990039,
              48.81085458
            ],
            [
              149.96708346,
              48.8200714
            ],
            [
              149.93465658,
              48.82976273
            ],
            [
              149.90265858,
              48.83991713
            ],
            [
              149.87112783,
              48.8505226
            ],
            [
              149.84010221,
              48.86156661
            ],
            [
              149.80961905,
              48.87303615
            ],
            [
              149.7797151,
              48.88491768
            ],
            [
              149.75042649,
              48.89719719
            ],
            [
              149.72178866,
              48.90986022
            ],
            [
              149.69383637,
              48.92289184
            ],
            [
              149.66660359,
              48.93627668
            ],
            [
              149.64012354,
              48.94999896
            ],
            [
              149.61442857,
              48.9640425
            ],
            [
              149.58955018,
              48.97839072
            ],
            [
              149.56551894,
              48.99302669
            ],
            [
              149.54236448,
              49.00793311
            ],
            [
              149.52011544,
              49.02309237
            ],
            [
              149.49879944,
              49.03848653
            ],
            [
              149.47844301,
              49.05409736
            ],
            [
              149.45907163,
              49.06990636
            ],
            [
              149.44070961,
              49.08589478
            ],
            [
              149.42338013,
              49.10204362
            ],
            [
              149.40710514,
              49.11833368
            ],
            [
              149.3919054,
              49.13474557
            ],
            [
              149.37780039,
              49.15125973
            ],
            [
              149.36480832,
              49.16785643
            ],
            [
              149.35294608,
              49.18451585
            ],
            [
              149.34222923,
              49.20121803
            ],
            [
              149.33267198,
              49.21794295
            ],
            [
              149.32428715,
              49.23467053
            ],
            [
              149.31708613,
              49.25138064
            ],
            [
              149.31107894,
              49.26805316
            ],
            [
              149.3062741,
              49.28466794
            ],
            [
              149.30267873,
              49.30120492
            ],
            [
              149.30029843,
              49.31764405
            ],
            [
              149.29913734,
              49.33396538
            ],
            [
              149.2991981,
              49.35014906
            ],
            [
              149.30048183,
              49.36617539
            ],
            [
              149.30298817,
              49.38202479
            ],
            [
              149.3067152,
              49.39767789
            ],
            [
              149.31165951,
              49.41311548
            ],
            [
              149.31781614,
              49.42831863
            ],
            [
              149.32517865,
              49.4432686
            ],
            [
              149.33373903,
              49.45794696
            ],
            [
              149.34348779,
              49.47233557
            ],
            [
              149.35441391,
              49.48641659
            ],
            [
              149.36650488,
              49.50017256
            ],
            [
              149.37974671,
              49.51358634
            ],
            [
              149.39412392,
              49.52664122
            ],
            [
              149.40961957,
              49.53932086
            ],
            [
              149.4262153,
              49.55160938
            ],
            [
              149.44389129,
              49.56349134
            ],
            [
              149.46262636,
              49.57495179
            ],
            [
              149.48239792,
              49.58597625
            ],
            [
              149.50318204,
              49.59655078
            ],
            [
              149.52495348,
              49.60666195
            ],
            [
              149.5476857,
              49.61629692
            ],
            [
              149.57135088,
              49.62544337
            ],
            [
              149.59592001,
              49.63408962
            ],
            [
              149.62136285,
              49.64222457
            ],
            [
              149.64764805,
              49.64983775
            ],
            [
              149.67474311,
              49.65691933
            ],
            [
              149.70261448,
              49.66346012
            ],
            [
              149.73122759,
              49.66945162
            ],
            [
              149.76054687,
              49.67488599
            ],
            [
              149.79053583,
              49.6797561
            ],
            [
              149.82115708,
              49.68405551
            ],
            [
              149.8523724,
              49.6877785
            ],
            [
              149.88414279,
              49.69092008
            ],
            [
              149.9164285,
              49.69347597
            ],
            [
              149.94918913,
              49.69544267
            ],
            [
              149.98238363,
              49.69681738
            ],
            [
              150.01597038,
              49.69759808
            ],
            [
              150.04990726,
              49.6977835
            ],
            [
              150.08415169,
              49.69737313
            ],
            [
              150.11866069,
              49.6963672
            ],
            [
              150.15339095,
              49.69476674
            ],
            [
              150.18829887,
              49.69257352
            ],
            [
              150.22334063,
              49.68979005
            ],
            [
              150.25847227,
              49.68641964
            ],
            [
              150.2936497,
              49.68246632
            ],
            [
              150.32882882,
              49.67793489
            ],
            [
              150.36396554,
              49.67283089
            ],
            [
              150.39901583,
              49.66716059
            ],
            [
              150.43393584,
              49.66093099
            ],
            [
              150.4686819,
              49.65414981
            ],
            [
              150.50321058,
              49.6468255
            ],
            [
              150.5374788,
              49.63896718
            ],
            [
              150.57144383,
              49.63058468
            ],
            [
              150.60506339,
              49.62168848
            ],
            [
              150.63829567,
              49.61228973
            ],
            [
              150.67109943,
              49.60240024
            ],
            [
              150.70343399,
              49.59203243
            ],
            [
              150.73525936,
              49.58119933
            ],
            [
              150.76653621,
              49.56991457
            ],
            [
              150.79722599,
              49.55819235
            ],
            [
              150.82729096,
              49.54604743
            ],
            [
              150.85669419,
              49.5334951
            ],
            [
              150.88539968,
              49.52055116
            ],
            [
              150.91337237,
              49.50723191
            ],
            [
              150.94057815,
              49.49355411
            ],
            [
              150.96698396,
              49.47953497
            ],
            [
              150.99255781,
              49.46519213
            ],
            [
              151.0172688,
              49.45054361
            ],
            [
              151.04108716,
              49.43560781
            ],
            [
              151.06398431,
              49.42040349
            ],
            [
              151.08593286,
              49.40494972
            ],
            [
              151.10690666,
              49.38926586
            ],
            [
              151.12688084,
              49.37337156
            ],
            [
              151.14583179,
              49.3572867
            ],
            [
              151.16373724,
              49.34103137
            ],
            [
              151.18057625,
              49.32462588
            ],
            [
              151.19632924,
              49.30809066
            ],
            [
              151.21097801,
              49.29144631
            ],
            [
              151.22450576,
              49.27471352
            ],
            [
              151.23689708,
              49.25791308
            ],
            [
              151.24813802,
              49.24106581
            ],
            [
              151.25821603,
              49.22419257
            ],
            [
              151.26712004,
              49.20731422
            ],
            [
              151.27484039,
              49.1904516
            ],
            [
              151.28136892,
              49.17362549
            ],
            [
              151.2866989,
              49.15685657
            ],
            [
              151.29082509,
              49.14016545
            ],
            [
              151.29374369,
              49.1235726
            ],
            [
              151.2954524,
              49.1070983
            ],
            [
              151.29595033,
              49.09076269
            ],
            [
              151.29523809,
              49.07458568
            ],
            [
              151.29331771,
              49.05858695
            ],
            [
              151.29019268,
              49.04278594
            ],
            [
              151.2858679,
              49.02720179
            ],
            [
              151.28034972,
              49.01185336
            ],
            [
              151.27364587,
              48.99675918
            ],
            [
              151.26576547,
              48.98193741
            ]
          ]
        ]
      },
      "properties": {
        "zone_code": "UHD412",
        "zone_type": "danger",
        "order_row": "62.",
        "atm_zone_section": "VI. Магаданская зона Единой системы организации воздушного движения",
        "official_horizontal_definition": "Эллипс с центром (491300с 1501800в), размеры осей 150 x 100 км, азимут большой оси 110°",
        "official_vertical_definition": "На всех высотах",
        "official_operating_schedule": "Доводится посредством извещения NOTAM",
        "official_conditions_and_exceptions": null,
        "official_amendment_notes": null,
        "official_source": "Приказ Минтранса России от 11.05.2022 N 171",
        "official_document_date": "2022-05-11",
        "fpln_retrieved_at": "2026-09-16T09:41:38+00:00",
        "geometry_source": "official_order_derived",
        "geometry_accuracy": "official_constructed",
        "geometry_note": "Ellipse constructed from the stated centre, 150 x 100 km axes and 110 degree major-axis azimuth.",
        "fpln_id": null,
        "fpln_source": null,
        "fpln_checksum": null,
        "active_at_retrieval": null,
        "fpln_schedule_text": null,
        "fpln_altitude_text": null
      }
    },
    {
      "type": "Feature",
      "id": "E8D4F7BCD5",
      "geometry": {
        "type": "Polygon",
        "coordinates": [
          [
            [
              133.06556,
              42.21194
            ],
            [
              133.03335,
              42.24987
            ],
            [
              133.00111,
              42.28778
            ],
            [
              133.03018,
              42.30137
            ],
            [
              133.05927,
              42.31496
            ],
            [
              133.08837,
              42.32855
            ],
            [
              133.11748,
              42.34212
            ],
            [
              133.1466,
              42.35569
            ],
            [
              133.17573,
              42.36925
            ],
            [
              133.20488,
              42.3828
            ],
            [
              133.23404,
              42.39635
            ],
            [
              133.26321,
              42.40989
            ],
            [
              133.2924,
              42.42342
            ],
            [
              133.3216,
              42.43694
            ],
            [
              133.35081,
              42.45046
            ],
            [
              133.38003,
              42.46396
            ],
            [
              133.40927,
              42.47746
            ],
            [
              133.43852,
              42.49096
            ],
            [
              133.46778,
              42.50444
            ],
            [
              133.49988,
              42.46653
            ],
            [
              133.53194,
              42.42861
            ],
            [
              133.5027,
              42.41512
            ],
            [
              133.47347,
              42.40163
            ],
            [
              133.44425,
              42.38813
            ],
            [
              133.41505,
              42.37462
            ],
            [
              133.38585,
              42.36111
            ],
            [
              133.35667,
              42.34758
            ],
            [
              133.3275,
              42.33405
            ],
            [
              133.29835,
              42.32051
            ],
            [
              133.26921,
              42.30697
            ],
            [
              133.24008,
              42.29342
            ],
            [
              133.21096,
              42.27986
            ],
            [
              133.18185,
              42.26629
            ],
            [
              133.15276,
              42.25271
            ],
            [
              133.12368,
              42.23913
            ],
            [
              133.09461,
              42.22554
            ],
            [
              133.06556,
              42.21194
            ]
          ]
        ]
      },
      "properties": {
        "zone_code": "UHD413",
        "zone_type": "danger",
        "order_row": "53.",
        "atm_zone_section": "V. Хабаровская зона Единой системы организации воздушного движения",
        "official_horizontal_definition": "Ось маршрута: 421500с 1330200в, 422800с 1333000в шириной +/- 5 км от оси",
        "official_vertical_definition": "От уровня моря до FL150",
        "official_operating_schedule": "Доводится посредством извещения NOTAM",
        "official_conditions_and_exceptions": null,
        "official_amendment_notes": null,
        "official_source": "Приказ Минтранса России от 11.05.2022 N 171",
        "official_document_date": "2022-05-11",
        "fpln_retrieved_at": "2026-09-16T09:41:38+00:00",
        "geometry_source": "fpln_public_map_response",
        "geometry_accuracy": "fpln_map_geometry",
        "geometry_note": null,
        "fpln_id": "E8D4F7BCD5",
        "fpln_source": "ZONE_SPPI",
        "fpln_checksum": -800804487,
        "active_at_retrieval": true,
        "fpln_schedule_text": "2026-09-01 00:00:00 - 2026-10-01 23:59:00",
        "fpln_altitude_text": "GND - FL150"
      }
    },
    {
      "type": "Feature",
      "id": "E8D4F94177",
      "geometry": {
        "type": "Polygon",
        "coordinates": [
          [
            [
              132.71667,
              42.58333
            ],
            [
              132.75833,
              42.58336
            ],
            [
              132.8,
              42.58336
            ],
            [
              132.84167,
              42.58336
            ],
            [
              132.88333,
              42.58333
            ],
            [
              132.88333,
              42.55833
            ],
            [
              132.88333,
              42.53333
            ],
            [
              132.88333,
              42.50833
            ],
            [
              132.88333,
              42.48333
            ],
            [
              132.84167,
              42.48336
            ],
            [
              132.8,
              42.48336
            ],
            [
              132.75833,
              42.48336
            ],
            [
              132.71667,
              42.48333
            ],
            [
              132.71667,
              42.50833
            ],
            [
              132.71667,
              42.53333
            ],
            [
              132.71667,
              42.55833
            ],
            [
              132.71667,
              42.58333
            ]
          ]
        ]
      },
      "properties": {
        "zone_code": "UHD414",
        "zone_type": "danger",
        "order_row": "54.",
        "atm_zone_section": "V. Хабаровская зона Единой системы организации воздушного движения",
        "official_horizontal_definition": "423500с 1324300в, 423500с 1325300в, 422900с 1325300в, 422900с 1324300в, 423500с 1324300в",
        "official_vertical_definition": "От уровня моря до FL090",
        "official_operating_schedule": "Доводится посредством извещения NOTAM",
        "official_conditions_and_exceptions": null,
        "official_amendment_notes": null,
        "official_source": "Приказ Минтранса России от 11.05.2022 N 171",
        "official_document_date": "2022-05-11",
        "fpln_retrieved_at": "2026-09-16T09:41:38+00:00",
        "geometry_source": "fpln_public_map_response",
        "geometry_accuracy": "fpln_map_geometry",
        "geometry_note": null,
        "fpln_id": "E8D4F94177",
        "fpln_source": "ZONE_SPPI",
        "fpln_checksum": 1736973669,
        "active_at_retrieval": true,
        "fpln_schedule_text": "2026-09-14 00:00:00 - 2026-10-01 23:59:00",
        "fpln_altitude_text": "GND - FL090"
      }
    },
    {
      "type": "Feature",
      "id": "order:UHD415",
      "geometry": {
        "type": "Polygon",
        "coordinates": [
          [
            [
              141.5,
              48.81666667
            ],
            [
              141.5,
              48.25
            ],
            [
              141.38333333,
              48.2
            ],
            [
              140.66666667,
              48.56666667
            ],
            [
              141.5,
              48.81666667
            ]
          ]
        ]
      },
      "properties": {
        "zone_code": "UHD415",
        "zone_type": "danger",
        "order_row": "55.",
        "atm_zone_section": "V. Хабаровская зона Единой системы организации воздушного движения",
        "official_horizontal_definition": "484900с 1413000в, 481500с 1413000в, 481200с 1412300в, 483400с 1404000в, 484900с 1413000в",
        "official_vertical_definition": "От 250 м (800 фут) AMSL до FL250",
        "official_operating_schedule": "Доводится посредством извещения NOTAM",
        "official_conditions_and_exceptions": null,
        "official_amendment_notes": null,
        "official_source": "Приказ Минтранса России от 11.05.2022 N 171",
        "official_document_date": "2022-05-11",
        "fpln_retrieved_at": "2026-09-16T09:41:38+00:00",
        "geometry_source": "official_order_derived",
        "geometry_accuracy": "official_coordinates",
        "geometry_note": null,
        "fpln_id": null,
        "fpln_source": null,
        "fpln_checksum": null,
        "active_at_retrieval": null,
        "fpln_schedule_text": null,
        "fpln_altitude_text": null
      }
    },
    {
      "type": "Feature",
      "id": "order:UHD416",
      "geometry": {
        "type": "Polygon",
        "coordinates": [
          [
            [
              139.96666667,
              48.16666667
            ],
            [
              140.53333333,
              48.03333333
            ],
            [
              140.39444444,
              47.91666667
            ],
            [
              139.81111111,
              48.01666667
            ],
            [
              139.96666667,
              48.16666667
            ]
          ]
        ]
      },
      "properties": {
        "zone_code": "UHD416",
        "zone_type": "danger",
        "order_row": "56.",
        "atm_zone_section": "V. Хабаровская зона Единой системы организации воздушного движения",
        "official_horizontal_definition": "481000с 1395800в, 480200с 1403200в, 475500с 1402340в, 480100с 1394840в, 481000с 395800в",
        "official_vertical_definition": "От 250 м (800 фут) AMSL до FL250",
        "official_operating_schedule": "Доводится посредством извещения NOTAM",
        "official_conditions_and_exceptions": null,
        "official_amendment_notes": null,
        "official_source": "Приказ Минтранса России от 11.05.2022 N 171",
        "official_document_date": "2022-05-11",
        "fpln_retrieved_at": "2026-09-16T09:41:38+00:00",
        "geometry_source": "official_order_derived",
        "geometry_accuracy": "official_corrected_typo",
        "geometry_note": "Closing longitude 395800E was interpreted as 1395800E, consistent with the first boundary point.",
        "fpln_id": null,
        "fpln_source": null,
        "fpln_checksum": null,
        "active_at_retrieval": null,
        "fpln_schedule_text": null,
        "fpln_altitude_text": null
      }
    },
    {
      "type": "Feature",
      "id": "order:UHD418",
      "geometry": {
        "type": "Polygon",
        "coordinates": [
          [
            [
              140.73833333,
              49.28666667
            ],
            [
              141.21166667,
              49.57166667
            ],
            [
              141.5,
              49.44333333
            ],
            [
              141.07,
              49.0
            ],
            [
              140.75333333,
              49.01666667
            ],
            [
              140.73833333,
              49.28666667
            ]
          ]
        ]
      },
      "properties": {
        "zone_code": "UHD418",
        "zone_type": "danger",
        "order_row": "57.",
        "atm_zone_section": "V. Хабаровская зона Единой системы организации воздушного движения",
        "official_horizontal_definition": "491712с 1404418в, 493418с 1411242в, 492636с 1413000в, 490000с 1410412в, 490100с 1404512в, 491712с 1404418в",
        "official_vertical_definition": "От уровня моря до 2450 м (8000 фут) AMSL",
        "official_operating_schedule": "Доводится посредством извещения NOTAM",
        "official_conditions_and_exceptions": null,
        "official_amendment_notes": null,
        "official_source": "Приказ Минтранса России от 11.05.2022 N 171",
        "official_document_date": "2022-05-11",
        "fpln_retrieved_at": "2026-09-16T09:41:38+00:00",
        "geometry_source": "official_order_derived",
        "geometry_accuracy": "official_coordinates",
        "geometry_note": null,
        "fpln_id": null,
        "fpln_source": null,
        "fpln_checksum": null,
        "active_at_retrieval": null,
        "fpln_schedule_text": null,
        "fpln_altitude_text": null
      }
    },
    {
      "type": "Feature",
      "id": "order:UHD419",
      "geometry": {
        "type": "Polygon",
        "coordinates": [
          [
            [
              143.38333333,
              48.28333333
            ],
            [
              143.78333333,
              48.03333333
            ],
            [
              143.23333333,
              47.63333333
            ],
            [
              142.85,
              47.88333333
            ],
            [
              143.38333333,
              48.28333333
            ]
          ]
        ]
      },
      "properties": {
        "zone_code": "UHD419",
        "zone_type": "danger",
        "order_row": "58.",
        "atm_zone_section": "V. Хабаровская зона Единой системы организации воздушного движения",
        "official_horizontal_definition": "481700с 1432300в, 480200с 1434700в, 473800с 1431400в, 475300с 1425100в, 481700с 1432300в",
        "official_vertical_definition": "От 200 м (700 фут) AGL до FL330",
        "official_operating_schedule": "Доводится посредством извещения NOTAM",
        "official_conditions_and_exceptions": null,
        "official_amendment_notes": null,
        "official_source": "Приказ Минтранса России от 11.05.2022 N 171",
        "official_document_date": "2022-05-11",
        "fpln_retrieved_at": "2026-09-16T09:41:38+00:00",
        "geometry_source": "official_order_derived",
        "geometry_accuracy": "official_coordinates",
        "geometry_note": null,
        "fpln_id": null,
        "fpln_source": null,
        "fpln_checksum": null,
        "active_at_retrieval": null,
        "fpln_schedule_text": null,
        "fpln_altitude_text": null
      }
    },
    {
      "type": "Feature",
      "id": "order:UHD420",
      "geometry": {
        "type": "Polygon",
        "coordinates": [
          [
            [
              143.86666667,
              47.51666667
            ],
            [
              144.16666667,
              46.96666667
            ],
            [
              143.66666667,
              46.85
            ],
            [
              143.36666667,
              47.38333333
            ],
            [
              143.86666667,
              47.51666667
            ]
          ]
        ]
      },
      "properties": {
        "zone_code": "UHD420",
        "zone_type": "danger",
        "order_row": "59.",
        "atm_zone_section": "V. Хабаровская зона Единой системы организации воздушного движения",
        "official_horizontal_definition": "473100с 1435200в, 465800с 1441000в, 465100с 1434000в, 472300с 1432200в, 473100с 1435200в",
        "official_vertical_definition": "От 200 м (700 фут) AGL до FL330",
        "official_operating_schedule": "Доводится посредством извещения NOTAM",
        "official_conditions_and_exceptions": null,
        "official_amendment_notes": null,
        "official_source": "Приказ Минтранса России от 11.05.2022 N 171",
        "official_document_date": "2022-05-11",
        "fpln_retrieved_at": "2026-09-16T09:41:38+00:00",
        "geometry_source": "official_order_derived",
        "geometry_accuracy": "official_coordinates",
        "geometry_note": null,
        "fpln_id": null,
        "fpln_source": null,
        "fpln_checksum": null,
        "active_at_retrieval": null,
        "fpln_schedule_text": null,
        "fpln_altitude_text": null
      }
    },
    {
      "type": "Feature",
      "id": "order:ULD10",
      "geometry": {
        "type": "Polygon",
        "coordinates": [
          [
            [
              33.0,
              70.16666667
            ],
            [
              34.5,
              70.16666667
            ],
            [
              35.0,
              69.45
            ],
            [
              33.66666667,
              69.45
            ],
            [
              33.0,
              70.16666667
            ]
          ]
        ]
      },
      "properties": {
        "zone_code": "ULD10",
        "zone_type": "danger",
        "order_row": "4.",
        "atm_zone_section": "I. Санкт-Петербургская зона Единой системы организации воздушного движения",
        "official_horizontal_definition": "701000с 0330000в, 701000с 0343000в, 692700с 0350000в, 692700с 0334000в, 701000с 0330000в",
        "official_vertical_definition": "На всех высотах",
        "official_operating_schedule": "Доводится посредством извещения NOTAM",
        "official_conditions_and_exceptions": null,
        "official_amendment_notes": null,
        "official_source": "Приказ Минтранса России от 11.05.2022 N 171",
        "official_document_date": "2022-05-11",
        "fpln_retrieved_at": "2026-09-16T09:41:38+00:00",
        "geometry_source": "official_order_derived",
        "geometry_accuracy": "official_coordinates",
        "geometry_note": null,
        "fpln_id": null,
        "fpln_source": null,
        "fpln_checksum": null,
        "active_at_retrieval": null,
        "fpln_schedule_text": null,
        "fpln_altitude_text": null
      }
    },
    {
      "type": "Feature",
      "id": "order:ULD13",
      "geometry": {
        "type": "Polygon",
        "coordinates": [
          [
            [
              34.13333333,
              71.0
            ],
            [
              34.13333333,
              72.4
            ],
            [
              34.83333333,
              72.23333333
            ],
            [
              37.11666667,
              70.83333333
            ],
            [
              34.13333333,
              71.0
            ]
          ]
        ]
      },
      "properties": {
        "zone_code": "ULD13",
        "zone_type": "danger",
        "order_row": "5.",
        "atm_zone_section": "I. Санкт-Петербургская зона Единой системы организации воздушного движения",
        "official_horizontal_definition": "710000с 0340800в, 722400с 0340800в, 721400с 0345000в, 705000с 0370700в, 710000с 0340800в",
        "official_vertical_definition": "На всех высотах",
        "official_operating_schedule": "Доводится посредством извещения NOTAM",
        "official_conditions_and_exceptions": null,
        "official_amendment_notes": null,
        "official_source": "Приказ Минтранса России от 11.05.2022 N 171",
        "official_document_date": "2022-05-11",
        "fpln_retrieved_at": "2026-09-16T09:41:38+00:00",
        "geometry_source": "official_order_derived",
        "geometry_accuracy": "official_coordinates",
        "geometry_note": null,
        "fpln_id": null,
        "fpln_source": null,
        "fpln_checksum": null,
        "active_at_retrieval": null,
        "fpln_schedule_text": null,
        "fpln_altitude_text": null
      }
    },
    {
      "type": "Feature",
      "id": "order:ULD14",
      "geometry": {
        "type": "Polygon",
        "coordinates": [
          [
            [
              37.11666667,
              70.83333333
            ],
            [
              37.83333333,
              72.23333333
            ],
            [
              41.5,
              72.03333333
            ],
            [
              39.0,
              70.68333333
            ],
            [
              37.11666667,
              70.83333333
            ]
          ]
        ]
      },
      "properties": {
        "zone_code": "ULD14",
        "zone_type": "danger",
        "order_row": "6.",
        "atm_zone_section": "I. Санкт-Петербургская зона Единой системы организации воздушного движения",
        "official_horizontal_definition": "705000с 0370700в, 721400с 0375000в, 720200с 0413000в, 704100с 0390000в, 705000с 0370700в",
        "official_vertical_definition": "На всех высотах",
        "official_operating_schedule": "Доводится посредством извещения NOTAM",
        "official_conditions_and_exceptions": null,
        "official_amendment_notes": null,
        "official_source": "Приказ Минтранса России от 11.05.2022 N 171",
        "official_document_date": "2022-05-11",
        "fpln_retrieved_at": "2026-09-16T09:41:38+00:00",
        "geometry_source": "official_order_derived",
        "geometry_accuracy": "official_coordinates",
        "geometry_note": null,
        "fpln_id": null,
        "fpln_source": null,
        "fpln_checksum": null,
        "active_at_retrieval": null,
        "fpln_schedule_text": null,
        "fpln_altitude_text": null
      }
    },
    {
      "type": "Feature",
      "id": "order:ULD15",
      "geometry": {
        "type": "Polygon",
        "coordinates": [
          [
            [
              36.3,
              69.3
            ],
            [
              37.11666667,
              70.83333333
            ],
            [
              39.0,
              70.68333333
            ],
            [
              37.66666667,
              68.85
            ],
            [
              36.3,
              69.3
            ]
          ]
        ]
      },
      "properties": {
        "zone_code": "ULD15",
        "zone_type": "danger",
        "order_row": "7.",
        "atm_zone_section": "I. Санкт-Петербургская зона Единой системы организации воздушного движения",
        "official_horizontal_definition": "691800с 0361800в, 705000с 0370700в, 704100с 0390000в, 685100с 0374000в, 691800с 0361800в",
        "official_vertical_definition": "На всех высотах",
        "official_operating_schedule": "Доводится посредством извещения NOTAM",
        "official_conditions_and_exceptions": null,
        "official_amendment_notes": null,
        "official_source": "Приказ Минтранса России от 11.05.2022 N 171",
        "official_document_date": "2022-05-11",
        "fpln_retrieved_at": "2026-09-16T09:41:38+00:00",
        "geometry_source": "official_order_derived",
        "geometry_accuracy": "official_coordinates",
        "geometry_note": null,
        "fpln_id": null,
        "fpln_source": null,
        "fpln_checksum": null,
        "active_at_retrieval": null,
        "fpln_schedule_text": null,
        "fpln_altitude_text": null
      }
    },
    {
      "type": "Feature",
      "id": "order:ULD16",
      "geometry": {
        "type": "Polygon",
        "coordinates": [
          [
            [
              45.0,
              73.33333333
            ],
            [
              48.0,
              75.0
            ],
            [
              51.0,
              75.0
            ],
            [
              50.0,
              73.0
            ],
            [
              45.0,
              73.33333333
            ]
          ]
        ]
      },
      "properties": {
        "zone_code": "ULD16",
        "zone_type": "danger",
        "order_row": "8.",
        "atm_zone_section": "I. Санкт-Петербургская зона Единой системы организации воздушного движения",
        "official_horizontal_definition": "732000с 0450000в, 750000с 0480000в, 750000с 0510000в, 730000с 0500000в, 732000с 0450000в",
        "official_vertical_definition": "На всех высотах",
        "official_operating_schedule": "Доводится посредством извещения NOTAM",
        "official_conditions_and_exceptions": null,
        "official_amendment_notes": null,
        "official_source": "Приказ Минтранса России от 11.05.2022 N 171",
        "official_document_date": "2022-05-11",
        "fpln_retrieved_at": "2026-09-16T09:41:38+00:00",
        "geometry_source": "official_order_derived",
        "geometry_accuracy": "official_coordinates",
        "geometry_note": null,
        "fpln_id": null,
        "fpln_source": null,
        "fpln_checksum": null,
        "active_at_retrieval": null,
        "fpln_schedule_text": null,
        "fpln_altitude_text": null
      }
    },
    {
      "type": "Feature",
      "id": "order:ULD17",
      "geometry": {
        "type": "Polygon",
        "coordinates": [
          [
            [
              34.3,
              70.16666667
            ],
            [
              38.0,
              70.16666667
            ],
            [
              38.0,
              69.33333333
            ],
            [
              36.0,
              69.33333333
            ],
            [
              34.3,
              69.58333333
            ],
            [
              34.3,
              70.16666667
            ]
          ]
        ]
      },
      "properties": {
        "zone_code": "ULD17",
        "zone_type": "danger",
        "order_row": "9.",
        "atm_zone_section": "I. Санкт-Петербургская зона Единой системы организации воздушного движения",
        "official_horizontal_definition": "701000с 0341800в, 701000с 0380000в, 692000с 0380000в, 692000с 0360000в, 693500с 0341800в, 701000с 0341800в",
        "official_vertical_definition": "На всех высотах",
        "official_operating_schedule": "Доводится посредством извещения NOTAM",
        "official_conditions_and_exceptions": null,
        "official_amendment_notes": null,
        "official_source": "Приказ Минтранса России от 11.05.2022 N 171",
        "official_document_date": "2022-05-11",
        "fpln_retrieved_at": "2026-09-16T09:41:38+00:00",
        "geometry_source": "official_order_derived",
        "geometry_accuracy": "official_coordinates",
        "geometry_note": null,
        "fpln_id": null,
        "fpln_source": null,
        "fpln_checksum": null,
        "active_at_retrieval": null,
        "fpln_schedule_text": null,
        "fpln_altitude_text": null
      }
    },
    {
      "type": "Feature",
      "id": "order:ULD18",
      "geometry": {
        "type": "Polygon",
        "coordinates": [
          [
            [
              33.0,
              70.16666667
            ],
            [
              34.88333333,
              70.16666667
            ],
            [
              34.88333333,
              69.88333333
            ],
            [
              33.66666667,
              69.88333333
            ],
            [
              33.0,
              69.96666667
            ],
            [
              33.0,
              70.16666667
            ]
          ]
        ]
      },
      "properties": {
        "zone_code": "ULD18",
        "zone_type": "danger",
        "order_row": "10.",
        "atm_zone_section": "I. Санкт-Петербургская зона Единой системы организации воздушного движения",
        "official_horizontal_definition": "701000с 0330000в, 701000с 0345300в, 695300с 0345300в, 695300с 0334000в, 695800с 0330000в, 701000с 0330000в",
        "official_vertical_definition": "На всех высотах",
        "official_operating_schedule": "Доводится посредством извещения NOTAM",
        "official_conditions_and_exceptions": null,
        "official_amendment_notes": null,
        "official_source": "Приказ Минтранса России от 11.05.2022 N 171",
        "official_document_date": "2022-05-11",
        "fpln_retrieved_at": "2026-09-16T09:41:38+00:00",
        "geometry_source": "official_order_derived",
        "geometry_accuracy": "official_coordinates",
        "geometry_note": null,
        "fpln_id": null,
        "fpln_source": null,
        "fpln_checksum": null,
        "active_at_retrieval": null,
        "fpln_schedule_text": null,
        "fpln_altitude_text": null
      }
    },
    {
      "type": "Feature",
      "id": "order:ULD19",
      "geometry": {
        "type": "Polygon",
        "coordinates": [
          [
            [
              33.41666667,
              69.83333333
            ],
            [
              32.66666667,
              69.91666667
            ],
            [
              32.75,
              70.41666667
            ],
            [
              34.05,
              70.41666667
            ],
            [
              33.41666667,
              69.83333333
            ]
          ]
        ]
      },
      "properties": {
        "zone_code": "ULD19",
        "zone_type": "danger",
        "order_row": "11.",
        "atm_zone_section": "I. Санкт-Петербургская зона Единой системы организации воздушного движения",
        "official_horizontal_definition": "695000с 0332500в, 695500с 0324000в, 702500с 0324500в, 702500с 0340300в, 695000с 0332500в",
        "official_vertical_definition": "На всех высотах",
        "official_operating_schedule": "Доводится посредством извещения NOTAM",
        "official_conditions_and_exceptions": null,
        "official_amendment_notes": null,
        "official_source": "Приказ Минтранса России от 11.05.2022 N 171",
        "official_document_date": "2022-05-11",
        "fpln_retrieved_at": "2026-09-16T09:41:38+00:00",
        "geometry_source": "official_order_derived",
        "geometry_accuracy": "official_coordinates",
        "geometry_note": null,
        "fpln_id": null,
        "fpln_source": null,
        "fpln_checksum": null,
        "active_at_retrieval": null,
        "fpln_schedule_text": null,
        "fpln_altitude_text": null
      }
    },
    {
      "type": "Feature",
      "id": "order:ULD2",
      "geometry": {
        "type": "Polygon",
        "coordinates": [
          [
            [
              52.0,
              72.83333333
            ],
            [
              49.33333333,
              71.16666667
            ],
            [
              47.0,
              71.66666667
            ],
            [
              50.0,
              73.33333333
            ],
            [
              52.0,
              72.83333333
            ]
          ]
        ]
      },
      "properties": {
        "zone_code": "ULD2",
        "zone_type": "danger",
        "order_row": "1.",
        "atm_zone_section": "I. Санкт-Петербургская зона Единой системы организации воздушного движения",
        "official_horizontal_definition": "732000с <1> 0500000в <2>, 725000с 0520000в, 711000с 0492000в, 714000с 0470000в, 732000с 0500000в",
        "official_vertical_definition": "На всех высотах",
        "official_operating_schedule": "Доводится посредством извещения NOTAM",
        "official_conditions_and_exceptions": null,
        "official_amendment_notes": null,
        "official_source": "Приказ Минтранса России от 11.05.2022 N 171",
        "official_document_date": "2022-05-11",
        "fpln_retrieved_at": "2026-09-16T09:41:38+00:00",
        "geometry_source": "official_order_derived",
        "geometry_accuracy": "official_coordinates",
        "geometry_note": null,
        "fpln_id": null,
        "fpln_source": null,
        "fpln_checksum": null,
        "active_at_retrieval": null,
        "fpln_schedule_text": null,
        "fpln_altitude_text": null
      }
    },
    {
      "type": "Feature",
      "id": "order:ULD21",
      "geometry": {
        "type": "Polygon",
        "coordinates": [
          [
            [
              31.13333333,
              70.0
            ],
            [
              32.08333333,
              70.16666667
            ],
            [
              32.06666667,
              70.95
            ],
            [
              33.0,
              71.06666667
            ],
            [
              33.13333333,
              72.33333333
            ],
            [
              43.0,
              72.33333333
            ],
            [
              43.0,
              71.06666667
            ],
            [
              40.73333333,
              70.95
            ],
            [
              40.73333333,
              69.83333333
            ],
            [
              41.46666667,
              69.71666667
            ],
            [
              41.46666667,
              69.46666667
            ],
            [
              40.06666667,
              68.76666667
            ],
            [
              40.7,
              68.15
            ],
            [
              40.2,
              67.93333333
            ],
            [
              31.13333333,
              70.0
            ]
          ]
        ]
      },
      "properties": {
        "zone_code": "ULD21",
        "zone_type": "danger",
        "order_row": "12.",
        "atm_zone_section": "I. Санкт-Петербургская зона Единой системы организации воздушного движения",
        "official_horizontal_definition": "700000с 0310800в, 701000с 0320500в, 705700с 0320400в, 710400с 0330000в, 722000с 0330800в, 722000с 0430000в, 710400с 0430000в, 705700с 0404400в, 695000с 0404400в, 694300с 0412800в, 692800с 0412800в, 684600с 0400400в, 680900с 0404200в, 675600с 0401200в, 700000с 0310800в",
        "official_vertical_definition": "На всех высотах",
        "official_operating_schedule": "Доводится посредством извещения NOTAM",
        "official_conditions_and_exceptions": null,
        "official_amendment_notes": null,
        "official_source": "Приказ Минтранса России от 11.05.2022 N 171",
        "official_document_date": "2022-05-11",
        "fpln_retrieved_at": "2026-09-16T09:41:38+00:00",
        "geometry_source": "official_order_derived",
        "geometry_accuracy": "official_coordinates",
        "geometry_note": null,
        "fpln_id": null,
        "fpln_source": null,
        "fpln_checksum": null,
        "active_at_retrieval": null,
        "fpln_schedule_text": null,
        "fpln_altitude_text": null
      }
    },
    {
      "type": "Feature",
      "id": "order:ULD22",
      "geometry": {
        "type": "Polygon",
        "coordinates": [
          [
            [
              55.26666667,
              70.56666667
            ],
            [
              55.26666667,
              70.38333333
            ],
            [
              54.95,
              70.23333333
            ],
            [
              52.0,
              70.66666667
            ],
            [
              50.66666667,
              71.16666667
            ],
            [
              50.1,
              71.53333333
            ],
            [
              50.8,
              71.63333333
            ],
            [
              51.53333333,
              71.7
            ],
            [
              55.26666667,
              70.56666667
            ]
          ]
        ]
      },
      "properties": {
        "zone_code": "ULD22",
        "zone_type": "danger",
        "order_row": "13.",
        "atm_zone_section": "I. Санкт-Петербургская зона Единой системы организации воздушного движения",
        "official_horizontal_definition": "703400с 0551600в, 702300с 0551600в, 701400с 0545700в, 704000с 0520000в, 711000с 0504000в, 713200с 0500600в, 713800с 0504800в, 714200с 0513200в, 703400с 0551600в",
        "official_vertical_definition": "На всех высотах",
        "official_operating_schedule": "Доводится посредством извещения NOTAM",
        "official_conditions_and_exceptions": null,
        "official_amendment_notes": null,
        "official_source": "Приказ Минтранса России от 11.05.2022 N 171",
        "official_document_date": "2022-05-11",
        "fpln_retrieved_at": "2026-09-16T09:41:38+00:00",
        "geometry_source": "official_order_derived",
        "geometry_accuracy": "official_coordinates",
        "geometry_note": null,
        "fpln_id": null,
        "fpln_source": null,
        "fpln_checksum": null,
        "active_at_retrieval": null,
        "fpln_schedule_text": null,
        "fpln_altitude_text": null
      }
    },
    {
      "type": "Feature",
      "id": "order:ULD23",
      "geometry": {
        "type": "Polygon",
        "coordinates": [
          [
            [
              69.33333333,
              73.5
            ],
            [
              70.66666667,
              72.91666667
            ],
            [
              64.33333333,
              71.66666667
            ],
            [
              63.0,
              72.33333333
            ],
            [
              69.33333333,
              73.5
            ]
          ]
        ]
      },
      "properties": {
        "zone_code": "ULD23",
        "zone_type": "danger",
        "order_row": "14.",
        "atm_zone_section": "I. Санкт-Петербургская зона Единой системы организации воздушного движения",
        "official_horizontal_definition": "733000с 0692000в, 725500с 0704000в, 714000с 0642000в, 722000с 0630000в, 733000с 0692000в",
        "official_vertical_definition": "На всех высотах",
        "official_operating_schedule": "Доводится посредством извещения NOTAM",
        "official_conditions_and_exceptions": null,
        "official_amendment_notes": null,
        "official_source": "Приказ Минтранса России от 11.05.2022 N 171",
        "official_document_date": "2022-05-11",
        "fpln_retrieved_at": "2026-09-16T09:41:38+00:00",
        "geometry_source": "official_order_derived",
        "geometry_accuracy": "official_coordinates",
        "geometry_note": null,
        "fpln_id": null,
        "fpln_source": null,
        "fpln_checksum": null,
        "active_at_retrieval": null,
        "fpln_schedule_text": null,
        "fpln_altitude_text": null
      }
    },
    {
      "type": "Feature",
      "id": "order:ULD24",
      "geometry": {
        "type": "Polygon",
        "coordinates": [
          [
            [
              64.66666667,
              72.58333333
            ],
            [
              66.66666667,
              71.91666667
            ],
            [
              62.66666667,
              71.16666667
            ],
            [
              61.0,
              71.83333333
            ],
            [
              64.66666667,
              72.58333333
            ]
          ]
        ]
      },
      "properties": {
        "zone_code": "ULD24",
        "zone_type": "danger",
        "order_row": "15.",
        "atm_zone_section": "I. Санкт-Петербургская зона Единой системы организации воздушного движения",
        "official_horizontal_definition": "723500с 0644000в, 715500с 0664000в, 711000с 0624000в, 715000с 0610000в, 723500с 0644000в",
        "official_vertical_definition": "На всех высотах",
        "official_operating_schedule": "Доводится посредством извещения NOTAM",
        "official_conditions_and_exceptions": null,
        "official_amendment_notes": null,
        "official_source": "Приказ Минтранса России от 11.05.2022 N 171",
        "official_document_date": "2022-05-11",
        "fpln_retrieved_at": "2026-09-16T09:41:38+00:00",
        "geometry_source": "official_order_derived",
        "geometry_accuracy": "official_coordinates",
        "geometry_note": null,
        "fpln_id": null,
        "fpln_source": null,
        "fpln_checksum": null,
        "active_at_retrieval": null,
        "fpln_schedule_text": null,
        "fpln_altitude_text": null
      }
    },
    {
      "type": "Feature",
      "id": "order:ULD25",
      "geometry": {
        "type": "Polygon",
        "coordinates": [
          [
            [
              66.0,
              71.8
            ],
            [
              67.0,
              71.05
            ],
            [
              61.33333333,
              70.21666667
            ],
            [
              60.16666667,
              70.91666667
            ],
            [
              66.0,
              71.8
            ]
          ]
        ]
      },
      "properties": {
        "zone_code": "ULD25",
        "zone_type": "danger",
        "order_row": "16.",
        "atm_zone_section": "I. Санкт-Петербургская зона Единой системы организации воздушного движения",
        "official_horizontal_definition": "714800с 0660000в, 710300с 0670000в, 701300с 0612000в, 705500с 0601000в, 714800с 0660000в",
        "official_vertical_definition": "На всех высотах",
        "official_operating_schedule": "Доводится посредством извещения NOTAM",
        "official_conditions_and_exceptions": null,
        "official_amendment_notes": null,
        "official_source": "Приказ Минтранса России от 11.05.2022 N 171",
        "official_document_date": "2022-05-11",
        "fpln_retrieved_at": "2026-09-16T09:41:38+00:00",
        "geometry_source": "official_order_derived",
        "geometry_accuracy": "official_coordinates",
        "geometry_note": null,
        "fpln_id": null,
        "fpln_source": null,
        "fpln_checksum": null,
        "active_at_retrieval": null,
        "fpln_schedule_text": null,
        "fpln_altitude_text": null
      }
    },
    {
      "type": "Feature",
      "id": "order:ULD26",
      "geometry": {
        "type": "Polygon",
        "coordinates": [
          [
            [
              63.0,
              72.33333333
            ],
            [
              65.61666667,
              71.66666667
            ],
            [
              60.0,
              70.16666667
            ],
            [
              57.0,
              71.0
            ],
            [
              63.0,
              72.33333333
            ]
          ]
        ]
      },
      "properties": {
        "zone_code": "ULD26",
        "zone_type": "danger",
        "order_row": "17.",
        "atm_zone_section": "I. Санкт-Петербургская зона Единой системы организации воздушного движения",
        "official_horizontal_definition": "722000с 0630000в, 714000с 0653700в, 701000с 0600000в, 710000с 0570000в, 722000с 0630000в",
        "official_vertical_definition": "На всех высотах",
        "official_operating_schedule": "Доводится посредством извещения NOTAM",
        "official_conditions_and_exceptions": null,
        "official_amendment_notes": null,
        "official_source": "Приказ Минтранса России от 11.05.2022 N 171",
        "official_document_date": "2022-05-11",
        "fpln_retrieved_at": "2026-09-16T09:41:38+00:00",
        "geometry_source": "official_order_derived",
        "geometry_accuracy": "official_coordinates",
        "geometry_note": null,
        "fpln_id": null,
        "fpln_source": null,
        "fpln_checksum": null,
        "active_at_retrieval": null,
        "fpln_schedule_text": null,
        "fpln_altitude_text": null
      }
    },
    {
      "type": "Feature",
      "id": "order:ULD29",
      "geometry": {
        "type": "Polygon",
        "coordinates": [
          [
            [
              19.3,
              55.75
            ],
            [
              20.25,
              55.48333333
            ],
            [
              19.21666667,
              55.4
            ],
            [
              19.13333333,
              55.61666667
            ],
            [
              19.3,
              55.75
            ]
          ]
        ]
      },
      "properties": {
        "zone_code": "ULD29",
        "zone_type": "danger",
        "order_row": "19.",
        "atm_zone_section": "II. Калининградская зона Единой системы организации воздушного движения",
        "official_horizontal_definition": "554500с 0191800в, 552900с 0201500в, 552400с 0191300в, 553700с 0190800в, 554500с 0191800в",
        "official_vertical_definition": "От уровня моря до 2100 м (6900 фут) AGL",
        "official_operating_schedule": "08.00 - 15.00 (UTC <5>) - среда, четверг, в остальные дни доводится посредством извещения NOTAM",
        "official_conditions_and_exceptions": null,
        "official_amendment_notes": null,
        "official_source": "Приказ Минтранса России от 11.05.2022 N 171",
        "official_document_date": "2022-05-11",
        "fpln_retrieved_at": "2026-09-16T09:41:38+00:00",
        "geometry_source": "official_order_derived",
        "geometry_accuracy": "official_coordinates",
        "geometry_note": null,
        "fpln_id": null,
        "fpln_source": null,
        "fpln_checksum": null,
        "active_at_retrieval": null,
        "fpln_schedule_text": null,
        "fpln_altitude_text": null
      }
    },
    {
      "type": "Feature",
      "id": "order:ULD3",
      "geometry": {
        "type": "Polygon",
        "coordinates": [
          [
            [
              58.0,
              71.0
            ],
            [
              60.0,
              70.33333333
            ],
            [
              55.33333333,
              69.0
            ],
            [
              53.41666667,
              69.41666667
            ],
            [
              58.0,
              71.0
            ]
          ]
        ]
      },
      "properties": {
        "zone_code": "ULD3",
        "zone_type": "danger",
        "order_row": "2.",
        "atm_zone_section": "I. Санкт-Петербургская зона Единой системы организации воздушного движения",
        "official_horizontal_definition": "710000с 0580000в, 702000с 0600000в, 690000с 0552000в, 692500с 0532500в, 710000с 0580000в",
        "official_vertical_definition": "На всех высотах",
        "official_operating_schedule": "Доводится посредством извещения NOTAM",
        "official_conditions_and_exceptions": null,
        "official_amendment_notes": null,
        "official_source": "Приказ Минтранса России от 11.05.2022 N 171",
        "official_document_date": "2022-05-11",
        "fpln_retrieved_at": "2026-09-16T09:41:38+00:00",
        "geometry_source": "official_order_derived",
        "geometry_accuracy": "official_coordinates",
        "geometry_note": null,
        "fpln_id": null,
        "fpln_source": null,
        "fpln_checksum": null,
        "active_at_retrieval": null,
        "fpln_schedule_text": null,
        "fpln_altitude_text": null
      }
    },
    {
      "type": "Feature",
      "id": "order:ULD30",
      "geometry": {
        "type": "Polygon",
        "coordinates": [
          [
            [
              34.0,
              69.75
            ],
            [
              34.0,
              70.0
            ],
            [
              38.0,
              71.5
            ],
            [
              42.0,
              71.5
            ],
            [
              42.0,
              69.75
            ],
            [
              34.0,
              69.75
            ]
          ]
        ]
      },
      "properties": {
        "zone_code": "ULD30",
        "zone_type": "danger",
        "order_row": "18.",
        "atm_zone_section": "I. Санкт-Петербургская зона Единой системы организации воздушного движения",
        "official_horizontal_definition": "694500с 0340000в, 700000с 0340000в, 713000с 0380000в, 713000с 0420000в, 694500с 0420000в, 694500с 0340000в",
        "official_vertical_definition": "От 300 м (1000 фут) AGL <3> до FL830 <4>",
        "official_operating_schedule": "Доводится посредством извещения NOTAM",
        "official_conditions_and_exceptions": null,
        "official_amendment_notes": null,
        "official_source": "Приказ Минтранса России от 11.05.2022 N 171",
        "official_document_date": "2022-05-11",
        "fpln_retrieved_at": "2026-09-16T09:41:38+00:00",
        "geometry_source": "official_order_derived",
        "geometry_accuracy": "official_coordinates",
        "geometry_note": null,
        "fpln_id": null,
        "fpln_source": null,
        "fpln_checksum": null,
        "active_at_retrieval": null,
        "fpln_schedule_text": null,
        "fpln_altitude_text": null
      }
    },
    {
      "type": "Feature",
      "id": "order:ULD31",
      "geometry": {
        "type": "Polygon",
        "coordinates": [
          [
            [
              20.0,
              55.46194444
            ],
            [
              20.0,
              55.33333333
            ],
            [
              19.10583333,
              55.33333333
            ],
            [
              19.08333333,
              55.38333333
            ],
            [
              20.0,
              55.46194444
            ]
          ]
        ]
      },
      "properties": {
        "zone_code": "ULD31",
        "zone_type": "danger",
        "order_row": "20.",
        "atm_zone_section": "II. Калининградская зона Единой системы организации воздушного движения",
        "official_horizontal_definition": "552743с 0200000в, 552000с 0200000в, 552000с 0190621в, 552300с 0190500в, 552743с 0200000в",
        "official_vertical_definition": "От уровня моря до 9100 м (29900 фут) AGL",
        "official_operating_schedule": "08.00 - 15.00 (UTC) - среда, четверг, в остальные дни доводится посредством извещения NOTAM",
        "official_conditions_and_exceptions": null,
        "official_amendment_notes": null,
        "official_source": "Приказ Минтранса России от 11.05.2022 N 171",
        "official_document_date": "2022-05-11",
        "fpln_retrieved_at": "2026-09-16T09:41:38+00:00",
        "geometry_source": "official_order_derived",
        "geometry_accuracy": "official_coordinates",
        "geometry_note": null,
        "fpln_id": null,
        "fpln_source": null,
        "fpln_checksum": null,
        "active_at_retrieval": null,
        "fpln_schedule_text": null,
        "fpln_altitude_text": null
      }
    },
    {
      "type": "Feature",
      "id": "order:ULD32",
      "geometry": {
        "type": "Polygon",
        "coordinates": [
          [
            [
              20.25,
              55.48333333
            ],
            [
              20.25,
              55.16638889
            ],
            [
              20.0,
              55.16
            ],
            [
              20.0,
              55.46194444
            ],
            [
              20.25,
              55.48333333
            ]
          ]
        ]
      },
      "properties": {
        "zone_code": "ULD32",
        "zone_type": "danger",
        "order_row": "21.",
        "atm_zone_section": "II. Калининградская зона Единой системы организации воздушного движения",
        "official_horizontal_definition": "552900с 0201500в, 550959с 0201500в, далее по государственной границе до 550936с 0200000в, 552743с 0200000в, 552900с 0201500в",
        "official_vertical_definition": "От уровня моря до 2100 м (6900 фут) AGL",
        "official_operating_schedule": "08.00 - 15.00 (UTC) - среда, четверг, в остальные дни доводится посредством извещения NOTAM",
        "official_conditions_and_exceptions": null,
        "official_amendment_notes": null,
        "official_source": "Приказ Минтранса России от 11.05.2022 N 171",
        "official_document_date": "2022-05-11",
        "fpln_retrieved_at": "2026-09-16T09:41:38+00:00",
        "geometry_source": "official_order_derived",
        "geometry_accuracy": "official_approximation",
        "geometry_note": "The segment described as following the state border is represented by a straight line between stated points.",
        "fpln_id": null,
        "fpln_source": null,
        "fpln_checksum": null,
        "active_at_retrieval": null,
        "fpln_schedule_text": null,
        "fpln_altitude_text": null
      }
    },
    {
      "type": "Feature",
      "id": "order:ULD33",
      "geometry": {
        "type": "Polygon",
        "coordinates": [
          [
            [
              19.10583333,
              55.33333333
            ],
            [
              20.0,
              55.33333333
            ],
            [
              20.0,
              55.16
            ],
            [
              19.59388889,
              54.76666667
            ],
            [
              19.33333333,
              54.83333333
            ],
            [
              19.10583333,
              55.33333333
            ]
          ]
        ]
      },
      "properties": {
        "zone_code": "ULD33",
        "zone_type": "danger",
        "order_row": "22.",
        "atm_zone_section": "II. Калининградская зона Единой системы организации воздушного движения",
        "official_horizontal_definition": "552000с 0190621в, 552000с 0200000в, 550936с 0200000в, далее по государственной границе до 544600с 0193538в, 545000с 0192000в, 552000с 0190621в",
        "official_vertical_definition": "От уровня моря до 18000 м (59100 фут) AGL",
        "official_operating_schedule": "08.00 - 15.00 (UTC) - среда, четверг, в остальные дни доводится посредством извещения NOTAM",
        "official_conditions_and_exceptions": null,
        "official_amendment_notes": null,
        "official_source": "Приказ Минтранса России от 11.05.2022 N 171",
        "official_document_date": "2022-05-11",
        "fpln_retrieved_at": "2026-09-16T09:41:38+00:00",
        "geometry_source": "official_order_derived",
        "geometry_accuracy": "official_approximation",
        "geometry_note": "The segment described as following the state border is represented by a straight line between stated points.",
        "fpln_id": null,
        "fpln_source": null,
        "fpln_checksum": null,
        "active_at_retrieval": null,
        "fpln_schedule_text": null,
        "fpln_altitude_text": null
      }
    },
    {
      "type": "Feature",
      "id": "order:ULD4",
      "geometry": {
        "type": "Polygon",
        "coordinates": [
          [
            [
              58.0,
              76.66666667
            ],
            [
              59.66666667,
              76.33333333
            ],
            [
              56.66666667,
              75.16666667
            ],
            [
              54.0,
              75.5
            ],
            [
              58.0,
              76.66666667
            ]
          ]
        ]
      },
      "properties": {
        "zone_code": "ULD4",
        "zone_type": "danger",
        "order_row": "3.",
        "atm_zone_section": "I. Санкт-Петербургская зона Единой системы организации воздушного движения",
        "official_horizontal_definition": "764000с 0580000в, 762000с 0594000в, 751000с 0564000в, 753000с 0540000в, 764000с 0580000в",
        "official_vertical_definition": "На всех высотах",
        "official_operating_schedule": "Доводится посредством извещения NOTAM",
        "official_conditions_and_exceptions": null,
        "official_amendment_notes": null,
        "official_source": "Приказ Минтранса России от 11.05.2022 N 171",
        "official_document_date": "2022-05-11",
        "fpln_retrieved_at": "2026-09-16T09:41:38+00:00",
        "geometry_source": "official_order_derived",
        "geometry_accuracy": "official_coordinates",
        "geometry_note": null,
        "fpln_id": null,
        "fpln_source": null,
        "fpln_checksum": null,
        "active_at_retrieval": null,
        "fpln_schedule_text": null,
        "fpln_altitude_text": null
      }
    },
    {
      "type": "Feature",
      "id": "order:URD113",
      "geometry": {
        "type": "Polygon",
        "coordinates": [
          [
            [
              37.56666667,
              46.25
            ],
            [
              37.76888889,
              46.21666667
            ],
            [
              37.75,
              46.15
            ],
            [
              38.02083333,
              46.15444444
            ],
            [
              38.0181307,
              46.15197134
            ],
            [
              38.01588266,
              46.14930441
            ],
            [
              38.01370125,
              46.14661109
            ],
            [
              38.01158713,
              46.14389217
            ],
            [
              38.00954091,
              46.14114848
            ],
            [
              38.00756317,
              46.13838081
            ],
            [
              38.00565451,
              46.13558999
            ],
            [
              38.00381547,
              46.13277684
            ],
            [
              38.00204658,
              46.12994219
            ],
            [
              38.00034837,
              46.12708689
            ],
            [
              37.99872131,
              46.12421178
            ],
            [
              37.99716588,
              46.12131772
            ],
            [
              37.99568254,
              46.11840554
            ],
            [
              37.9942717,
              46.11547613
            ],
            [
              37.99293377,
              46.11253034
            ],
            [
              37.99166914,
              46.10956904
            ],
            [
              37.99047816,
              46.10659311
            ],
            [
              37.98936119,
              46.10360344
            ],
            [
              37.98831853,
              46.1006009
            ],
            [
              37.98735048,
              46.09758638
            ],
            [
              37.98645732,
              46.09456077
            ],
            [
              37.9856393,
              46.09152497
            ],
            [
              37.98489664,
              46.08847987
            ],
            [
              37.98422956,
              46.08542637
            ],
            [
              37.98363823,
              46.08236537
            ],
            [
              37.98312283,
              46.07929778
            ],
            [
              37.98268348,
              46.0762245
            ],
            [
              37.98232031,
              46.07314645
            ],
            [
              37.98203341,
              46.07006451
            ],
            [
              37.98182286,
              46.06697962
            ],
            [
              37.98168869,
              46.06389267
            ],
            [
              37.98163094,
              46.06080458
            ],
            [
              37.98164962,
              46.05771625
            ],
            [
              37.9817447,
              46.05462861
            ],
            [
              37.98191614,
              46.05154255
            ],
            [
              37.98216389,
              46.04845899
            ],
            [
              37.98248785,
              46.04537883
            ],
            [
              37.98288791,
              46.04230299
            ],
            [
              37.98336395,
              46.03923237
            ],
            [
              37.98391582,
              46.03616787
            ],
            [
              37.98666667,
              46.03333333
            ],
            [
              37.72166667,
              46.045
            ],
            [
              37.7,
              46.02833333
            ],
            [
              37.85833333,
              45.88666667
            ],
            [
              37.75,
              45.875
            ],
            [
              37.75833333,
              45.825
            ],
            [
              37.605,
              45.97833333
            ],
            [
              37.48333333,
              46.0
            ],
            [
              37.56666667,
              46.25
            ]
          ]
        ]
      },
      "properties": {
        "zone_code": "URD113",
        "zone_type": "danger",
        "order_row": "23.",
        "atm_zone_section": "III. Ростовская зона Единой системы организации воздушного движения",
        "official_horizontal_definition": "461500с 0373400в, 461300с 0374608в, 460900с 0374500в, 460916с 0380115в, далее против часовой стрелки по дуге окружности радиусом 20 км с центром (460335с 0381427в) до 460200с 0375912в, 460242с 0374318в, 460142с 0374200в, 455312с 0375130в, 455230с 0374500в, 454930с 0374530в, 455842с 0373618в, 460000с 0372900в, 461500с 0373400в",
        "official_vertical_definition": "От уровня моря до FL130",
        "official_operating_schedule": "Доводится посредством извещения NOTAM",
        "official_conditions_and_exceptions": null,
        "official_amendment_notes": null,
        "official_source": "Приказ Минтранса России от 11.05.2022 N 171",
        "official_document_date": "2022-05-11",
        "fpln_retrieved_at": "2026-09-16T09:41:38+00:00",
        "geometry_source": "official_order_derived",
        "geometry_accuracy": "official_constructed",
        "geometry_note": "Arc interpolated from the stated centre, 20 km radius and counter-clockwise direction.",
        "fpln_id": null,
        "fpln_source": null,
        "fpln_checksum": null,
        "active_at_retrieval": null,
        "fpln_schedule_text": null,
        "fpln_altitude_text": null
      }
    },
    {
      "type": "Feature",
      "id": "order:URD114",
      "geometry": {
        "type": "Polygon",
        "coordinates": [
          [
            [
              36.75972222,
              45.53916667
            ],
            [
              37.10555556,
              45.4875
            ],
            [
              36.90583333,
              44.42083333
            ],
            [
              37.08055556,
              44.26944444
            ],
            [
              38.03333333,
              44.13333333
            ],
            [
              37.95,
              43.93333333
            ],
            [
              36.7,
              44.11666667
            ],
            [
              36.59388889,
              44.1975
            ],
            [
              36.66666667,
              44.51666667
            ],
            [
              36.6,
              44.96666667
            ],
            [
              36.75972222,
              45.53916667
            ]
          ]
        ]
      },
      "properties": {
        "zone_code": "URD114",
        "zone_type": "danger",
        "order_row": "24.",
        "atm_zone_section": "III. Ростовская зона Единой системы организации воздушного движения",
        "official_horizontal_definition": "453221с 0364535в, 452915с 0370620в, 442515с 0365421в, 441610с 0370450в, 440800с 0380200в, 435600с 0375700в, 440700с 0364200в, 441151с 0363538в, 443100с 0364000в, 445800с 0363600в, 453221с 0364535в",
        "official_vertical_definition": "От 100 м (300 фут) AGL до FL040",
        "official_operating_schedule": "Доводится посредством извещения NOTAM",
        "official_conditions_and_exceptions": null,
        "official_amendment_notes": null,
        "official_source": "Приказ Минтранса России от 11.05.2022 N 171",
        "official_document_date": "2022-05-11",
        "fpln_retrieved_at": "2026-09-16T09:41:38+00:00",
        "geometry_source": "official_order_derived",
        "geometry_accuracy": "official_coordinates",
        "geometry_note": null,
        "fpln_id": null,
        "fpln_source": null,
        "fpln_checksum": null,
        "active_at_retrieval": null,
        "fpln_schedule_text": null,
        "fpln_altitude_text": null
      }
    },
    {
      "type": "Feature",
      "id": "order:URD115",
      "geometry": {
        "type": "Polygon",
        "coordinates": [
          [
            [
              36.98333333,
              45.94583333
            ],
            [
              37.6,
              45.81666667
            ],
            [
              37.78333333,
              45.7
            ],
            [
              37.15,
              45.73333333
            ],
            [
              37.10555556,
              45.4875
            ],
            [
              36.75972222,
              45.53916667
            ],
            [
              36.98333333,
              45.94583333
            ]
          ]
        ]
      },
      "properties": {
        "zone_code": "URD115",
        "zone_type": "danger",
        "order_row": "25.",
        "atm_zone_section": "III. Ростовская зона Единой системы организации воздушного движения",
        "official_horizontal_definition": "455645с 0365900в, 454900с 0373600в, 454200с 0374700в, 454400с 0370900в, 452915с 0370620в, 453221с 0364535в, 455645с 0365900в",
        "official_vertical_definition": "От 200 м (700 фут) AMSL <6> до FL040",
        "official_operating_schedule": "Доводится посредством извещения NOTAM",
        "official_conditions_and_exceptions": null,
        "official_amendment_notes": null,
        "official_source": "Приказ Минтранса России от 11.05.2022 N 171",
        "official_document_date": "2022-05-11",
        "fpln_retrieved_at": "2026-09-16T09:41:38+00:00",
        "geometry_source": "official_order_derived",
        "geometry_accuracy": "official_coordinates",
        "geometry_note": null,
        "fpln_id": null,
        "fpln_source": null,
        "fpln_checksum": null,
        "active_at_retrieval": null,
        "fpln_schedule_text": null,
        "fpln_altitude_text": null
      }
    },
    {
      "type": "Feature",
      "id": "order:URD116",
      "geometry": {
        "type": "Polygon",
        "coordinates": [
          [
            [
              36.98333333,
              45.94583333
            ],
            [
              37.49638889,
              45.83944444
            ],
            [
              37.33333333,
              45.41666667
            ],
            [
              36.75972222,
              45.53916667
            ],
            [
              36.98333333,
              45.94583333
            ]
          ]
        ]
      },
      "properties": {
        "zone_code": "URD116",
        "zone_type": "danger",
        "order_row": "26.",
        "atm_zone_section": "III. Ростовская зона Единой системы организации воздушного движения",
        "official_horizontal_definition": "455645с 0365900в, 455022с 0372947в, 452500с 0372000в, 453221с 0364535в, 455645с 0365900в",
        "official_vertical_definition": "От 100 м (300 фут) AMSL до FL040 От FL110 до FL150 От FL350 до FL630",
        "official_operating_schedule": "Доводится посредством извещения NOTAM",
        "official_conditions_and_exceptions": null,
        "official_amendment_notes": null,
        "official_source": "Приказ Минтранса России от 11.05.2022 N 171",
        "official_document_date": "2022-05-11",
        "fpln_retrieved_at": "2026-09-16T09:41:38+00:00",
        "geometry_source": "official_order_derived",
        "geometry_accuracy": "official_coordinates",
        "geometry_note": null,
        "fpln_id": null,
        "fpln_source": null,
        "fpln_checksum": null,
        "active_at_retrieval": null,
        "fpln_schedule_text": null,
        "fpln_altitude_text": null
      }
    },
    {
      "type": "Feature",
      "id": "order:URD117",
      "geometry": {
        "type": "Polygon",
        "coordinates": [
          [
            [
              36.59166667,
              45.0
            ],
            [
              37.01277778,
              45.0
            ],
            [
              36.95583333,
              44.69777778
            ],
            [
              37.16666667,
              44.53333333
            ],
            [
              37.66333333,
              44.46638889
            ],
            [
              37.27083333,
              44.24305556
            ],
            [
              38.03333333,
              44.13333333
            ],
            [
              37.95,
              43.93333333
            ],
            [
              36.7,
              44.11666667
            ],
            [
              36.59388889,
              44.1975
            ],
            [
              36.66666667,
              44.51666667
            ],
            [
              36.6,
              44.96666667
            ],
            [
              36.59166667,
              45.0
            ]
          ]
        ]
      },
      "properties": {
        "zone_code": "URD117",
        "zone_type": "danger",
        "order_row": "27.",
        "atm_zone_section": "III. Ростовская зона Единой системы организации воздушного движения",
        "official_horizontal_definition": "450000с 0363530в, 450000с 0370046в, 444152с 0365721в, 443200с 0371000в, 442759с 0373948в, 441435с 0371615в, 440800с 0380200в, 435600с 0375700в, 440700с 0364200в, 441151с 0363538в, 443100с 0364000в, 445800с 0363600в, 450000с 0363530в",
        "official_vertical_definition": "От 100 м (300 фут) AMSL до FL040 От FL110 до FL150 От FL350 до FL630",
        "official_operating_schedule": "Доводится посредством извещения NOTAM",
        "official_conditions_and_exceptions": null,
        "official_amendment_notes": null,
        "official_source": "Приказ Минтранса России от 11.05.2022 N 171",
        "official_document_date": "2022-05-11",
        "fpln_retrieved_at": "2026-09-16T09:41:38+00:00",
        "geometry_source": "official_order_derived",
        "geometry_accuracy": "official_coordinates",
        "geometry_note": null,
        "fpln_id": null,
        "fpln_source": null,
        "fpln_checksum": null,
        "active_at_retrieval": null,
        "fpln_schedule_text": null,
        "fpln_altitude_text": null
      }
    },
    {
      "type": "Feature",
      "id": "order:URD120",
      "geometry": {
        "type": "Polygon",
        "coordinates": [
          [
            [
              32.65694444,
              45.24972222
            ],
            [
              32.76194444,
              45.21638889
            ],
            [
              32.74861111,
              45.19305556
            ],
            [
              32.62861111,
              45.20805556
            ],
            [
              32.65694444,
              45.24972222
            ]
          ]
        ]
      },
      "properties": {
        "zone_code": "URD120",
        "zone_type": "danger",
        "order_row": "31.",
        "atm_zone_section": "IV. Симферопольская зона Единой системы организации воздушного движения",
        "official_horizontal_definition": "451459с 0323925в, 451259с 0324543в, 451135с 0324455в, 451229с 0323743в, 451459с 0323925в",
        "official_vertical_definition": "От уровня моря до FL240",
        "official_operating_schedule": "Доводится посредством извещения NOTAM",
        "official_conditions_and_exceptions": null,
        "official_amendment_notes": null,
        "official_source": "Приказ Минтранса России от 11.05.2022 N 171",
        "official_document_date": "2022-05-11",
        "fpln_retrieved_at": "2026-09-16T09:41:38+00:00",
        "geometry_source": "official_order_derived",
        "geometry_accuracy": "official_coordinates",
        "geometry_note": null,
        "fpln_id": null,
        "fpln_source": null,
        "fpln_checksum": null,
        "active_at_retrieval": null,
        "fpln_schedule_text": null,
        "fpln_altitude_text": null
      }
    },
    {
      "type": "Feature",
      "id": "order:URD121",
      "geometry": {
        "type": "Polygon",
        "coordinates": [
          [
            [
              32.28333333,
              45.05
            ],
            [
              33.0,
              44.81666667
            ],
            [
              32.6,
              44.58333333
            ],
            [
              32.16666667,
              44.66666667
            ],
            [
              32.08333333,
              44.8
            ],
            [
              32.28333333,
              45.05
            ]
          ]
        ]
      },
      "properties": {
        "zone_code": "URD121",
        "zone_type": "danger",
        "order_row": "32.",
        "atm_zone_section": "IV. Симферопольская зона Единой системы организации воздушного движения",
        "official_horizontal_definition": "450300с 0321700в, 444900с 0330000в, 443500с 0323600в, 444000с 0321000в, 444800с 0320500в, 450300с 0321700в",
        "official_vertical_definition": "На всех высотах",
        "official_operating_schedule": "Доводится посредством извещения NOTAM",
        "official_conditions_and_exceptions": null,
        "official_amendment_notes": null,
        "official_source": "Приказ Минтранса России от 11.05.2022 N 171",
        "official_document_date": "2022-05-11",
        "fpln_retrieved_at": "2026-09-16T09:41:38+00:00",
        "geometry_source": "official_order_derived",
        "geometry_accuracy": "official_coordinates",
        "geometry_note": null,
        "fpln_id": null,
        "fpln_source": null,
        "fpln_checksum": null,
        "active_at_retrieval": null,
        "fpln_schedule_text": null,
        "fpln_altitude_text": null
      }
    },
    {
      "type": "Feature",
      "id": "order:URD122",
      "geometry": {
        "type": "Polygon",
        "coordinates": [
          [
            [
              33.05,
              44.96666667
            ],
            [
              33.18194444,
              44.85972222
            ],
            [
              33.18333333,
              44.79166667
            ],
            [
              33.09166667,
              44.75
            ],
            [
              32.91527778,
              44.87972222
            ],
            [
              33.05,
              44.96666667
            ]
          ]
        ]
      },
      "properties": {
        "zone_code": "URD122",
        "zone_type": "danger",
        "order_row": "33.",
        "atm_zone_section": "IV. Симферопольская зона Единой системы организации воздушного движения",
        "official_horizontal_definition": "445800с 0330300в, 445135с 0331055в, 444730с 0331100в, 444500с 0330530в, 445247с 0325455в, 445800с 0330300в",
        "official_vertical_definition": "От уровня моря до FL240",
        "official_operating_schedule": "Доводится посредством извещения NOTAM",
        "official_conditions_and_exceptions": null,
        "official_amendment_notes": null,
        "official_source": "Приказ Минтранса России от 11.05.2022 N 171",
        "official_document_date": "2022-05-11",
        "fpln_retrieved_at": "2026-09-16T09:41:38+00:00",
        "geometry_source": "official_order_derived",
        "geometry_accuracy": "official_coordinates",
        "geometry_note": null,
        "fpln_id": null,
        "fpln_source": null,
        "fpln_checksum": null,
        "active_at_retrieval": null,
        "fpln_schedule_text": null,
        "fpln_altitude_text": null
      }
    },
    {
      "type": "Feature",
      "id": "order:URD123",
      "geometry": {
        "type": "Polygon",
        "coordinates": [
          [
            [
              32.86666667,
              44.65
            ],
            [
              33.12444444,
              44.47222222
            ],
            [
              32.63333333,
              44.23888889
            ],
            [
              32.30833333,
              44.50833333
            ],
            [
              32.86666667,
              44.65
            ]
          ]
        ]
      },
      "properties": {
        "zone_code": "URD123",
        "zone_type": "danger",
        "order_row": "34.",
        "atm_zone_section": "IV. Симферопольская зона Единой системы организации воздушного движения",
        "official_horizontal_definition": "443900с 0325200в, 442820с 0330728в, 441420с 0323800в, 443030с 0321830в, 443900с 0325200в",
        "official_vertical_definition": "От уровня моря до FL290",
        "official_operating_schedule": "Доводится посредством извещения NOTAM",
        "official_conditions_and_exceptions": null,
        "official_amendment_notes": null,
        "official_source": "Приказ Минтранса России от 11.05.2022 N 171",
        "official_document_date": "2022-05-11",
        "fpln_retrieved_at": "2026-09-16T09:41:38+00:00",
        "geometry_source": "official_order_derived",
        "geometry_accuracy": "official_coordinates",
        "geometry_note": null,
        "fpln_id": null,
        "fpln_source": null,
        "fpln_checksum": null,
        "active_at_retrieval": null,
        "fpln_schedule_text": null,
        "fpln_altitude_text": null
      }
    },
    {
      "type": "Feature",
      "id": "order:URD127",
      "geometry": {
        "type": "Polygon",
        "coordinates": [
          [
            [
              33.42694444,
              44.55805556
            ],
            [
              33.41361111,
              44.56305556
            ],
            [
              33.23027778,
              44.48972222
            ],
            [
              33.28027778,
              44.44638889
            ],
            [
              33.42694444,
              44.55805556
            ]
          ]
        ]
      },
      "properties": {
        "zone_code": "URD127",
        "zone_type": "danger",
        "order_row": "35.",
        "atm_zone_section": "IV. Симферопольская зона Единой системы организации воздушного движения",
        "official_horizontal_definition": "443329с 0332537в, 443347с 0332449в, 442923с 0331349в, 442647с 0331649в, 443329с 0332537в",
        "official_vertical_definition": "От уровня моря до 900 м (3000 фут) AMSL",
        "official_operating_schedule": "Доводится посредством извещения NOTAM",
        "official_conditions_and_exceptions": null,
        "official_amendment_notes": null,
        "official_source": "Приказ Минтранса России от 11.05.2022 N 171",
        "official_document_date": "2022-05-11",
        "fpln_retrieved_at": "2026-09-16T09:41:38+00:00",
        "geometry_source": "official_order_derived",
        "geometry_accuracy": "official_coordinates",
        "geometry_note": null,
        "fpln_id": null,
        "fpln_source": null,
        "fpln_checksum": null,
        "active_at_retrieval": null,
        "fpln_schedule_text": null,
        "fpln_altitude_text": null
      }
    },
    {
      "type": "Feature",
      "id": "order:URD132",
      "geometry": {
        "type": "Polygon",
        "coordinates": [
          [
            [
              35.46666667,
              44.85
            ],
            [
              35.91666667,
              45.0
            ],
            [
              35.91666667,
              44.58333333
            ],
            [
              35.46666667,
              44.62388889
            ],
            [
              35.46666667,
              44.85
            ]
          ]
        ]
      },
      "properties": {
        "zone_code": "URD132",
        "zone_type": "danger",
        "order_row": "36.",
        "atm_zone_section": "IV. Симферопольская зона Единой системы организации воздушного движения",
        "official_horizontal_definition": "445100с 0352800в, 450000с 0355500в, 443500с 0355500в, 443726с 0352800в, 445100с 0352800в",
        "official_vertical_definition": "От уровня моря до FL290",
        "official_operating_schedule": "Доводится посредством извещения NOTAM",
        "official_conditions_and_exceptions": null,
        "official_amendment_notes": null,
        "official_source": "Приказ Минтранса России от 11.05.2022 N 171",
        "official_document_date": "2022-05-11",
        "fpln_retrieved_at": "2026-09-16T09:41:38+00:00",
        "geometry_source": "official_order_derived",
        "geometry_accuracy": "official_coordinates",
        "geometry_note": null,
        "fpln_id": null,
        "fpln_source": null,
        "fpln_checksum": null,
        "active_at_retrieval": null,
        "fpln_schedule_text": null,
        "fpln_altitude_text": null
      }
    },
    {
      "type": "Feature",
      "id": "order:URD133",
      "geometry": {
        "type": "Polygon",
        "coordinates": [
          [
            [
              35.91611111,
              45.17083333
            ],
            [
              36.28305556,
              45.05
            ],
            [
              36.3475,
              44.99333333
            ],
            [
              36.64583333,
              44.68333333
            ],
            [
              36.65833333,
              44.58333333
            ],
            [
              35.91666667,
              44.58333333
            ],
            [
              35.91611111,
              45.17083333
            ]
          ]
        ]
      },
      "properties": {
        "zone_code": "URD133",
        "zone_type": "danger",
        "order_row": "37.",
        "atm_zone_section": "IV. Симферопольская зона Единой системы организации воздушного движения",
        "official_horizontal_definition": "451015с 0355458в, 450300с 0361659в, 445936с 0362051в, 444100с 0363845в, 443500с 0363930в, 443500с 0355500в, 451015с 0355458в",
        "official_vertical_definition": "От уровня моря до FL290",
        "official_operating_schedule": "Доводится посредством извещения NOTAM",
        "official_conditions_and_exceptions": null,
        "official_amendment_notes": null,
        "official_source": "Приказ Минтранса России от 11.05.2022 N 171",
        "official_document_date": "2022-05-11",
        "fpln_retrieved_at": "2026-09-16T09:41:38+00:00",
        "geometry_source": "official_order_derived",
        "geometry_accuracy": "official_coordinates",
        "geometry_note": null,
        "fpln_id": null,
        "fpln_source": null,
        "fpln_checksum": null,
        "active_at_retrieval": null,
        "fpln_schedule_text": null,
        "fpln_altitude_text": null
      }
    },
    {
      "type": "Feature",
      "id": "order:URD134",
      "geometry": {
        "type": "Polygon",
        "coordinates": [
          [
            [
              36.65833333,
              44.58333333
            ],
            [
              36.66666667,
              44.51666667
            ],
            [
              36.605,
              44.25
            ],
            [
              35.0,
              44.25
            ],
            [
              34.70805556,
              44.70138889
            ],
            [
              35.46666667,
              44.62388889
            ],
            [
              35.91666667,
              44.58333333
            ],
            [
              36.65833333,
              44.58333333
            ]
          ]
        ]
      },
      "properties": {
        "zone_code": "URD134",
        "zone_type": "danger",
        "order_row": "38.",
        "atm_zone_section": "IV. Симферопольская зона Единой системы организации воздушного движения",
        "official_horizontal_definition": "443500с 0363930в, 443100с 0364000в, 441500с 0363618в, 441500с 0350000в, 444205с 0344229в, 443726с 0352800в, 443500с 0355500в, 443500с 0363930в",
        "official_vertical_definition": "От уровня моря до FL120",
        "official_operating_schedule": "Доводится посредством извещения NOTAM",
        "official_conditions_and_exceptions": null,
        "official_amendment_notes": null,
        "official_source": "Приказ Минтранса России от 11.05.2022 N 171",
        "official_document_date": "2022-05-11",
        "fpln_retrieved_at": "2026-09-16T09:41:38+00:00",
        "geometry_source": "official_order_derived",
        "geometry_accuracy": "official_coordinates",
        "geometry_note": null,
        "fpln_id": null,
        "fpln_source": null,
        "fpln_checksum": null,
        "active_at_retrieval": null,
        "fpln_schedule_text": null,
        "fpln_altitude_text": null
      }
    },
    {
      "type": "Feature",
      "id": "order:URD139",
      "geometry": {
        "type": "Polygon",
        "coordinates": [
          [
            [
              33.12444444,
              44.47222222
            ],
            [
              33.17083333,
              44.44
            ],
            [
              32.80694444,
              44.09083333
            ],
            [
              32.63333333,
              44.23888889
            ],
            [
              33.12444444,
              44.47222222
            ]
          ]
        ]
      },
      "properties": {
        "zone_code": "URD139",
        "zone_type": "danger",
        "order_row": "39.",
        "atm_zone_section": "IV. Симферопольская зона Единой системы организации воздушного движения",
        "official_horizontal_definition": "442820с 0330728в, 442624с 0331015в, 440527с 0324825в, 441420с 0323800в, 442820с 0330728в",
        "official_vertical_definition": "От уровня моря до FL230",
        "official_operating_schedule": "Доводится посредством извещения NOTAM",
        "official_conditions_and_exceptions": null,
        "official_amendment_notes": null,
        "official_source": "Приказ Минтранса России от 11.05.2022 N 171",
        "official_document_date": "2022-05-11",
        "fpln_retrieved_at": "2026-09-16T09:41:38+00:00",
        "geometry_source": "official_order_derived",
        "geometry_accuracy": "official_coordinates",
        "geometry_note": null,
        "fpln_id": null,
        "fpln_source": null,
        "fpln_checksum": null,
        "active_at_retrieval": null,
        "fpln_schedule_text": null,
        "fpln_altitude_text": null
      }
    },
    {
      "type": "Feature",
      "id": "order:URD140",
      "geometry": {
        "type": "Polygon",
        "coordinates": [
          [
            [
              32.36722222,
              45.36
            ],
            [
              32.0,
              45.46527778
            ],
            [
              32.0,
              45.56861111
            ],
            [
              32.54944444,
              45.79555556
            ],
            [
              33.56305556,
              45.78472222
            ],
            [
              33.60305556,
              45.66861111
            ],
            [
              33.48388889,
              45.64888889
            ],
            [
              33.45805556,
              45.695
            ],
            [
              33.1,
              45.7
            ],
            [
              32.58166667,
              45.70444444
            ],
            [
              32.21472222,
              45.55277778
            ],
            [
              32.21472222,
              45.50333333
            ],
            [
              32.45333333,
              45.43333333
            ],
            [
              32.36722222,
              45.36
            ]
          ]
        ]
      },
      "properties": {
        "zone_code": "URD140",
        "zone_type": "danger",
        "order_row": "40.",
        "atm_zone_section": "IV. Симферопольская зона Единой системы организации воздушного движения",
        "official_horizontal_definition": "452136с 0322202в, 452755с 0320000в, 453407с 0320000в, 454744с 0323258в, 454705с 0333347в, 454007с 0333611в, 453856с 0332902в, 454142с 0332729в, 454200с 0330600в, 454216с 0323454в, 453310с 0321253в, 453012с 0321253в, 452600с 0322712в, 452136с 0322202в",
        "official_vertical_definition": "От уровня моря до 2150 м (7100 фут) AMSL",
        "official_operating_schedule": "Доводится посредством извещения NOTAM",
        "official_conditions_and_exceptions": null,
        "official_amendment_notes": null,
        "official_source": "Приказ Минтранса России от 11.05.2022 N 171",
        "official_document_date": "2022-05-11",
        "fpln_retrieved_at": "2026-09-16T09:41:38+00:00",
        "geometry_source": "official_order_derived",
        "geometry_accuracy": "official_coordinates",
        "geometry_note": null,
        "fpln_id": null,
        "fpln_source": null,
        "fpln_checksum": null,
        "active_at_retrieval": null,
        "fpln_schedule_text": null,
        "fpln_altitude_text": null
      }
    },
    {
      "type": "Feature",
      "id": "order:URD141",
      "geometry": {
        "type": "Polygon",
        "coordinates": [
          [
            [
              33.17083333,
              44.44
            ],
            [
              33.65,
              44.2
            ],
            [
              33.8775,
              44.19916667
            ],
            [
              33.8825,
              43.88861111
            ],
            [
              33.39083333,
              43.85111111
            ],
            [
              33.02472222,
              43.90416667
            ],
            [
              32.80694444,
              44.09083333
            ],
            [
              33.17083333,
              44.44
            ]
          ]
        ]
      },
      "properties": {
        "zone_code": "URD141",
        "zone_type": "danger",
        "order_row": "41.",
        "atm_zone_section": "IV. Симферопольская зона Единой системы организации воздушного движения",
        "official_horizontal_definition": "442624с 0331015в, 441200с 0333900в, 441157с 0335239в, 435319с 0335257в, 435104с 0332327в, 435415с 0330129в, 440527с 0324825в, 442624с 0331015в",
        "official_vertical_definition": "От 25 м (100 фут) AMSL до FL250",
        "official_operating_schedule": "Доводится посредством извещения NOTAM",
        "official_conditions_and_exceptions": null,
        "official_amendment_notes": null,
        "official_source": "Приказ Минтранса России от 11.05.2022 N 171",
        "official_document_date": "2022-05-11",
        "fpln_retrieved_at": "2026-09-16T09:41:38+00:00",
        "geometry_source": "official_order_derived",
        "geometry_accuracy": "official_coordinates",
        "geometry_note": null,
        "fpln_id": null,
        "fpln_source": null,
        "fpln_checksum": null,
        "active_at_retrieval": null,
        "fpln_schedule_text": null,
        "fpln_altitude_text": null
      }
    },
    {
      "type": "Feature",
      "id": "order:URD142",
      "geometry": {
        "type": "Polygon",
        "coordinates": [
          [
            [
              32.28333333,
              45.05
            ],
            [
              33.0,
              44.81666667
            ],
            [
              32.6,
              44.58333333
            ],
            [
              32.16666667,
              44.66666667
            ],
            [
              32.08333333,
              44.8
            ],
            [
              32.28333333,
              45.05
            ]
          ]
        ]
      },
      "properties": {
        "zone_code": "URD142",
        "zone_type": "danger",
        "order_row": "42.",
        "atm_zone_section": "IV. Симферопольская зона Единой системы организации воздушного движения",
        "official_horizontal_definition": "450300с 0321700в, 444900с 0330000в, 443500с 0323600в, 444000с 0321000в, 444800с 0320500в, 450300с 0321700в",
        "official_vertical_definition": "От уровня моря до FL260",
        "official_operating_schedule": "Доводится посредством извещения NOTAM",
        "official_conditions_and_exceptions": null,
        "official_amendment_notes": null,
        "official_source": "Приказ Минтранса России от 11.05.2022 N 171",
        "official_document_date": "2022-05-11",
        "fpln_retrieved_at": "2026-09-16T09:41:38+00:00",
        "geometry_source": "official_order_derived",
        "geometry_accuracy": "official_coordinates",
        "geometry_note": null,
        "fpln_id": null,
        "fpln_source": null,
        "fpln_checksum": null,
        "active_at_retrieval": null,
        "fpln_schedule_text": null,
        "fpln_altitude_text": null
      }
    },
    {
      "type": "Feature",
      "id": "order:URD143",
      "geometry": {
        "type": "Polygon",
        "coordinates": [
          [
            [
              32.28333333,
              45.05
            ],
            [
              33.0,
              44.81666667
            ],
            [
              32.6,
              44.58333333
            ],
            [
              32.16666667,
              44.66666667
            ],
            [
              32.08333333,
              44.8
            ],
            [
              32.28333333,
              45.05
            ]
          ]
        ]
      },
      "properties": {
        "zone_code": "URD143",
        "zone_type": "danger",
        "order_row": "43.",
        "atm_zone_section": "IV. Симферопольская зона Единой системы организации воздушного движения",
        "official_horizontal_definition": "450300с 0321700в, 444900с 0330000в, 443500с 0323600в, 444000с 0321000в, 444800с 0320500в, 450300с 0321700в",
        "official_vertical_definition": "От FL280 до FL410",
        "official_operating_schedule": "Доводится посредством извещения NOTAM",
        "official_conditions_and_exceptions": null,
        "official_amendment_notes": null,
        "official_source": "Приказ Минтранса России от 11.05.2022 N 171",
        "official_document_date": "2022-05-11",
        "fpln_retrieved_at": "2026-09-16T09:41:38+00:00",
        "geometry_source": "official_order_derived",
        "geometry_accuracy": "official_coordinates",
        "geometry_note": null,
        "fpln_id": null,
        "fpln_source": null,
        "fpln_checksum": null,
        "active_at_retrieval": null,
        "fpln_schedule_text": null,
        "fpln_altitude_text": null
      }
    },
    {
      "type": "Feature",
      "id": "order:URD145",
      "geometry": {
        "type": "Polygon",
        "coordinates": [
          [
            [
              36.73333333,
              45.11166667
            ],
            [
              36.96166667,
              45.06833333
            ],
            [
              37.27388889,
              44.66916667
            ],
            [
              36.62972222,
              44.78138889
            ],
            [
              36.6,
              44.96666667
            ],
            [
              36.57277778,
              45.0625
            ],
            [
              36.73333333,
              45.11166667
            ]
          ]
        ]
      },
      "properties": {
        "zone_code": "URD145",
        "zone_type": "danger",
        "order_row": "28.",
        "atm_zone_section": "III. Ростовская зона Единой системы организации воздушного движения",
        "official_horizontal_definition": "450642с 0364400в, 450406с 0365742в, 444009с 0371626в, 444653с 0363747в, 445800с 0363600в, 450345с 0363422в, 450642с 0364400в",
        "official_vertical_definition": "От уровня моря до FL140",
        "official_operating_schedule": "Доводится посредством извещения NOTAM",
        "official_conditions_and_exceptions": null,
        "official_amendment_notes": null,
        "official_source": "Приказ Минтранса России от 11.05.2022 N 171",
        "official_document_date": "2022-05-11",
        "fpln_retrieved_at": "2026-09-16T09:41:38+00:00",
        "geometry_source": "official_order_derived",
        "geometry_accuracy": "official_coordinates",
        "geometry_note": null,
        "fpln_id": null,
        "fpln_source": null,
        "fpln_checksum": null,
        "active_at_retrieval": null,
        "fpln_schedule_text": null,
        "fpln_altitude_text": null
      }
    },
    {
      "type": "Feature",
      "id": "order:URD146",
      "geometry": {
        "type": "Polygon",
        "coordinates": [
          [
            [
              36.62972222,
              44.78138889
            ],
            [
              37.27388889,
              44.66916667
            ],
            [
              37.54944444,
              44.20305556
            ],
            [
              36.71666667,
              44.03333333
            ],
            [
              36.56277778,
              44.06527778
            ],
            [
              36.66666667,
              44.51666667
            ],
            [
              36.62972222,
              44.78138889
            ]
          ]
        ]
      },
      "properties": {
        "zone_code": "URD146",
        "zone_type": "danger",
        "order_row": "29.",
        "atm_zone_section": "III. Ростовская зона Единой системы организации воздушного движения",
        "official_horizontal_definition": "444653с 0363747в, 444009с 0371626в, 441211с 0373258в, 440200с 0364300в, 440355с 0363346в, 443100с 0364000в, 444653с 0363747в",
        "official_vertical_definition": "От уровня моря до FL140",
        "official_operating_schedule": "Доводится посредством извещения NOTAM",
        "official_conditions_and_exceptions": null,
        "official_amendment_notes": null,
        "official_source": "Приказ Минтранса России от 11.05.2022 N 171",
        "official_document_date": "2022-05-11",
        "fpln_retrieved_at": "2026-09-16T09:41:38+00:00",
        "geometry_source": "official_order_derived",
        "geometry_accuracy": "official_coordinates",
        "geometry_note": null,
        "fpln_id": null,
        "fpln_source": null,
        "fpln_checksum": null,
        "active_at_retrieval": null,
        "fpln_schedule_text": null,
        "fpln_altitude_text": null
      }
    },
    {
      "type": "Feature",
      "id": "order:URD147",
      "geometry": {
        "type": "Polygon",
        "coordinates": [
          [
            [
              37.27388889,
              44.66916667
            ],
            [
              37.86666667,
              44.58638889
            ],
            [
              37.86694444,
              44.26777778
            ],
            [
              37.54944444,
              44.20305556
            ],
            [
              37.27388889,
              44.66916667
            ]
          ]
        ]
      },
      "properties": {
        "zone_code": "URD147",
        "zone_type": "danger",
        "order_row": "30.",
        "atm_zone_section": "III. Ростовская зона Единой системы организации воздушного движения",
        "official_horizontal_definition": "444009с 0371626в, 443511с 0375200в, 441604с 0375201в, 441211с 0373258в, 444009с 0371626в",
        "official_vertical_definition": "От уровня моря до FL140",
        "official_operating_schedule": "Доводится посредством извещения NOTAM",
        "official_conditions_and_exceptions": null,
        "official_amendment_notes": null,
        "official_source": "Приказ Минтранса России от 11.05.2022 N 171",
        "official_document_date": "2022-05-11",
        "fpln_retrieved_at": "2026-09-16T09:41:38+00:00",
        "geometry_source": "official_order_derived",
        "geometry_accuracy": "official_coordinates",
        "geometry_note": null,
        "fpln_id": null,
        "fpln_source": null,
        "fpln_checksum": null,
        "active_at_retrieval": null,
        "fpln_schedule_text": null,
        "fpln_altitude_text": null
      }
    },
    {
      "type": "Feature",
      "id": "order:URD149",
      "geometry": {
        "type": "Polygon",
        "coordinates": [
          [
            [
              33.36444444,
              44.87083333
            ],
            [
              33.57444444,
              44.78083333
            ],
            [
              33.17083333,
              44.44
            ],
            [
              32.86666667,
              44.65
            ],
            [
              33.36444444,
              44.87083333
            ]
          ]
        ]
      },
      "properties": {
        "zone_code": "URD149",
        "zone_type": "danger",
        "order_row": "44.",
        "atm_zone_section": "IV. Симферопольская зона Единой системы организации воздушного движения",
        "official_horizontal_definition": "445215с 0332152в, 444651с 0333428в, 442624с 0331015в, 443900с 0325200в, 445215с 0332152в",
        "official_vertical_definition": "От уровня моря до FL230",
        "official_operating_schedule": "Доводится посредством извещения NOTAM",
        "official_conditions_and_exceptions": null,
        "official_amendment_notes": null,
        "official_source": "Приказ Минтранса России от 11.05.2022 N 171",
        "official_document_date": "2022-05-11",
        "fpln_retrieved_at": "2026-09-16T09:41:38+00:00",
        "geometry_source": "official_order_derived",
        "geometry_accuracy": "official_coordinates",
        "geometry_note": null,
        "fpln_id": null,
        "fpln_source": null,
        "fpln_checksum": null,
        "active_at_retrieval": null,
        "fpln_schedule_text": null,
        "fpln_altitude_text": null
      }
    },
    {
      "type": "Feature",
      "id": "order:URD150",
      "geometry": {
        "type": "Polygon",
        "coordinates": [
          [
            [
              31.86666667,
              45.21666667
            ],
            [
              32.14166667,
              45.54166667
            ],
            [
              32.875,
              45.18888889
            ],
            [
              32.58611111,
              44.98333333
            ],
            [
              31.86666667,
              45.21666667
            ]
          ]
        ]
      },
      "properties": {
        "zone_code": "URD150",
        "zone_type": "danger",
        "order_row": "45.",
        "atm_zone_section": "IV. Симферопольская зона Единой системы организации воздушного движения",
        "official_horizontal_definition": "451300с 0315200в, 453230с 0320830в, 451120с 0325230в, 445900с 0323510в, 451300с 0315200в",
        "official_vertical_definition": "От уровня моря до FL240",
        "official_operating_schedule": "Доводится посредством извещения NOTAM",
        "official_conditions_and_exceptions": null,
        "official_amendment_notes": null,
        "official_source": "Приказ Минтранса России от 11.05.2022 N 171",
        "official_document_date": "2022-05-11",
        "fpln_retrieved_at": "2026-09-16T09:41:38+00:00",
        "geometry_source": "official_order_derived",
        "geometry_accuracy": "official_coordinates",
        "geometry_note": null,
        "fpln_id": null,
        "fpln_source": null,
        "fpln_checksum": null,
        "active_at_retrieval": null,
        "fpln_schedule_text": null,
        "fpln_altitude_text": null
      }
    },
    {
      "type": "Feature",
      "id": "order:URD151",
      "geometry": {
        "type": "Polygon",
        "coordinates": [
          [
            [
              32.82777778,
              45.825
            ],
            [
              33.13333333,
              45.35555556
            ],
            [
              32.875,
              45.18888889
            ],
            [
              32.14166667,
              45.54166667
            ],
            [
              32.21666667,
              45.625
            ],
            [
              32.82777778,
              45.825
            ]
          ]
        ]
      },
      "properties": {
        "zone_code": "URD151",
        "zone_type": "danger",
        "order_row": "46.",
        "atm_zone_section": "IV. Симферопольская зона Единой системы организации воздушного движения",
        "official_horizontal_definition": "454930с 0324940в, 452120с 0330800в, 451120с 0325230в, 453230с 0320830в, 453730с 0321300в, 454930с 0324940в",
        "official_vertical_definition": "От уровня моря до FL140",
        "official_operating_schedule": "Доводится посредством извещения NOTAM",
        "official_conditions_and_exceptions": null,
        "official_amendment_notes": null,
        "official_source": "Приказ Минтранса России от 11.05.2022 N 171",
        "official_document_date": "2022-05-11",
        "fpln_retrieved_at": "2026-09-16T09:41:38+00:00",
        "geometry_source": "official_order_derived",
        "geometry_accuracy": "official_coordinates",
        "geometry_note": null,
        "fpln_id": null,
        "fpln_source": null,
        "fpln_checksum": null,
        "active_at_retrieval": null,
        "fpln_schedule_text": null,
        "fpln_altitude_text": null
      }
    },
    {
      "type": "Feature",
      "id": "order:URD153",
      "geometry": {
        "type": "Polygon",
        "coordinates": [
          [
            [
              32.45805556,
              44.38333333
            ],
            [
              32.61888889,
              44.25083333
            ],
            [
              32.01666667,
              43.9
            ],
            [
              32.06666667,
              43.73333333
            ],
            [
              33.65833333,
              43.61666667
            ],
            [
              33.66277778,
              43.87194444
            ],
            [
              33.8825,
              43.88861111
            ],
            [
              33.8925,
              43.42861111
            ],
            [
              31.88333333,
              43.575
            ],
            [
              31.74972222,
              43.97527778
            ],
            [
              32.45805556,
              44.38333333
            ]
          ]
        ]
      },
      "properties": {
        "zone_code": "URD153",
        "zone_type": "danger",
        "order_row": "47.",
        "atm_zone_section": "IV. Симферопольская зона Единой системы организации воздушного движения",
        "official_horizontal_definition": "442300с 0322729в, 441503с 0323708в, 435400с 0320100в, 434400с 0320400в, 433700с 0333930в, 435219с 0333946в, 435319с 0335257в, 432543с 0335333в, 433430с 0315300в, 435831с 0314459в, 442300с 0322729в",
        "official_vertical_definition": "От FL200 до FL250",
        "official_operating_schedule": "Доводится посредством извещения NOTAM",
        "official_conditions_and_exceptions": null,
        "official_amendment_notes": null,
        "official_source": "Приказ Минтранса России от 11.05.2022 N 171",
        "official_document_date": "2022-05-11",
        "fpln_retrieved_at": "2026-09-16T09:41:38+00:00",
        "geometry_source": "official_order_derived",
        "geometry_accuracy": "official_coordinates",
        "geometry_note": null,
        "fpln_id": null,
        "fpln_source": null,
        "fpln_checksum": null,
        "active_at_retrieval": null,
        "fpln_schedule_text": null,
        "fpln_altitude_text": null
      }
    }
  ]
}